"Tag","Date","Followers"
"#actuarial",2020-10-07,3901
#remotesensing,2021-01-16,6977
#earthobservation,2021-01-16,1979
#forestry,2021-01-16,7066
#clinicaltrials,2021-01-16,48122
#pydata,2021-01-16,381
#bayesian,2021-01-16,338
#julialang,2021-01-16,377
#dataops,2021-01-16,1022
#mlops,2020-01-16,767
#dataengineering,2021-01-16,29468 
#rstats,2021-01-16,7212
#analytics,2021-01-16,6477254
#powerbi,2021-01-16,44041
#coding,2021-01-16,150068
"#actuarial",2020-10-17,3908
"#actuarial",2020-11-06,3927
#rstats,2021-01-13,7208
#aerialimagery,2021-01-16,150
#agilesoftwaredevelopment,2021-01-16,6175905
#akamai,2021-01-16,307
#artificialintelligenceai,2021-01-16,848
#assetallocation,2021-01-16,12804
#auckland,2021-01-16,3039
#augmentedreality,2021-01-16,137662
#autodesk,2021-01-16,12769
#automl,2021-01-16,720
#aviation,2021-01-16,3418108
#avionics,2021-01-16,6926
#aws,2021-01-16,157816
#awscertified,2021-01-16,13190
#awsmachinelearning,2021-01-16,27
#awsspeciality,2021-01-16,0
#azure,2021-01-16,135887
#bibliografia,2021-01-16,7
#bigdataops,2021-01-16,0
#bigquery,2021-01-16,906
#blockchain,2021-01-16,98028
#statistics,2021-01-13,58150
#banking,2021-01-14,261829
#research,2021-01-14,597632 
#medical,2021-01-14,41634
#projectmanagment,2021-01-14,4831
#ireland,2021-01-14,13152
#python,2021-01-14,490412 
#pharmajobs,2021-01-15,50502
#pharma,2021-01-15,100402
#derivatives,2021-01-15,9977
#markets,2021-01-15,22387966
#stockmarket,2021-01-15,307873
#equityresearch,2021-01-15,13566
#bigdata,2021-01-15,7162730
#data,2021-01-15,6156133
#pharmaceutical,2021-01-15,73504
#Pharmacology,2021-01-15,12884
#pharmacometrics,2021-01-15,97
#pharmacy,2021-01-15,64874
#pharmaindustry,2021-01-15,31470
#rstudio,2021-01-15,5020
#tidyverse,2021-01-15,733
#numpy,2021-01-15,812
#pandas,2021-01-15,26302
#scipy,2021-01-15,102
#dplyr,2021-01-15,665
#shiny,2021-01-15,372
#finance,2021-01-15,1156378
#financeprofessionals,2021-01-15,903
#quantfinance,2021-01-15,81
#financialmodelling,2021-01-15,1583
#corporatefinance,2021-01-15,15987
#fintech,2021-01-15,425168
#cfa,2021-01-15,11148
#technology,2021-01-15,26478716
#optionstrading,2021-01-15,483
#financialmarket,2021-01-15,304
#financialmarkets	,2021-01-15,9535
#financialrisk,2021-01-15,228
#quantitativefinance,2021-01-15,4686
#wealthmanagement,2021-01-15,70829
#optionstrading,2021-01-15,483
#investmentportfolio,2021-01-15,560
#investingstrategy,2021-01-15,100
#finance,2021-01-15,1156384
#investmentmanagement,2021-01-15,26377
#wealthmanager,2021-01-15,204
#hedging,2021-01-15,580
#investing,2021-01-15,14488522
#investments,2021-01-15,45998
#investment,2021-01-15,76712
#economy,2021-01-15,18779665
#markets,2021-01-15,22387968
#webappdevelopment,2021-01-14,203
#dataanalytics,2021-01-14,103840 
#sql,2021-01-14,401278 
#knime,2021-01-14,351
#qsp,2021-01-14,27
#dataviz,2021-01-14,11140
#opensource,2021-01-14,33213
#kotlin,2021-01-14,10336
#rust,2021-01-14,1012
#blackintech,2021-01-14,916
#diversityintech,2021-01-14,4538
#finance,2021-01-14,1156195
#pharmaceuticals,2021-01-14,1052963
#notebook,2021-01-14,122
#numpy,2021-01-14,811
#nz,2021-01-14,740
#oilandgas,2021-01-14,287841
#onlinelearning,2021-01-14,30709
#openaccess,2021-01-14,1715
#opencv,2021-01-14,8476
#opendata,2021-01-14,3736
#opensource,2021-01-14,33206
#opensourcesoftware,2021-01-14,310333
#optimization,2021-01-14,5936
#options,2021-01-14,907
#covid19,2021-01-14,1166074
#coronavirus,2021-01-14,645197
#tidyverse,2021-01-14,733
#actuarial,2021-01-14,3974
#coding,2021-01-14,148141
#programming,2021-01-14,6643698
#software,2021-01-14,170102
#neo4j,2021-01-13,388
#julialang,2021-01-13,373
#datascience,2021-01-13,759531
#machinelearning,2021-01-13,1684519
#drugdiscovery,2021-01-13,42253
#python,2021-01-13,490253
#pydata,2021-01-13,381
#devops,2021-01-13,625011
#microservices,2021-01-13,31162
#biotech,2021-01-13,97936
#artificialintelligence,2021-01-13,2402622
"#actuarialscience",2020-10-07,4887
"#actuarialscience",2020-10-08,4889
#twilio,2020-11-30,351
#timeseries,2020-11-30,753
#timeseriesanalysis,2020-11-30,181
#analyticsjobs,2020-11-30,285
#coding,2020-11-30,122201
#codingisfun,2020-11-30,844
#financialmodelling,2020-11-30,1537
#financialrisk,2020-11-30,227
#fintech,2020-11-30,421492
#firebase,2020-11-30,706
#flask,2020-11-30,442
#flowcytometry,2020-11-30,3025
#forestry,2020-11-30,7025
#fortran,2020-11-30,68
#foss,2020-11-30,232
#futureoffinance,2020-11-30,889
#gcpcloud,2020-11-30,310
#genetics,2020-11-30,11122
#genomics,2020-11-30,26819
#geocoding,2020-11-30,90
#geospatialdata,2020-11-30,679
#ggplot2,2020-11-30,324
#gisanalytics,2020-11-30,1
#git,2020-11-30,6786
#github,2020-11-30,48806
#golang,2020-11-30,4868
#googlecloud,2020-11-30,21698
#gptw,2020-11-30,4253
#graphanalytics,2020-11-30,81
#graphdatabase,2020-11-30,282
#graphics,2020-11-30,19866
#graphql,2020-11-30,757
#hadoop,2020-11-30,163615
#health,2020-11-30,2269075
#hedgefund,2020-11-30,15001
#hedging,2020-11-30,568
#heroku,2020-11-30,200
#highperformancecomputing,2020-11-30,260
#hiring,2020-11-30,2243113
#hpc,2020-11-30,2071
#hr,2020-11-30,855161
#hybridcloud,2020-11-30,11536
#ibmcloud,2020-11-30,4021
#ibmspss,2020-11-30,4
#imagerecognition,2020-11-30,267
#infrastructure,2020-11-30,95218
#innovation,2020-11-30,38884371
#insurance,2020-11-30,860270
#insurtech,2020-11-30,35012
#investing,2020-11-30,14496765
#MIT,2020-12-01,4608
#mongodb,2020-12-01,6857
#ScientificMachineLearning,2020-12-01,9
#amsterdam,2020-12-01,4382
#apachehive,2020-12-01,27
#bankingandfinance,2020-12-01,1299
#bankingindustry,2020-12-01,13683289
#bilbao,2020-12-01,348
#dados,2020-12-01,5885
#hackathons,2020-12-01,951
#investingstrategy,2020-12-01,69
#investment,2020-12-01,74816
#investmentmanagement,2020-12-01,26027
#investmentportfolio,2020-12-01,555
#investments,2020-12-01,45395
#iot,2020-12-01,107861
#ipython,2020-12-01,5
#java,2020-12-01,252282
#javaprogramming,2020-12-01,938
#javascript,2020-12-01,769164
#jenkins,2020-12-01,13368
#job,2020-12-01,847172
#jobs,2020-12-01,2651468
#jobsearch,2020-12-01,1599093
#julia,2020-12-01,230
#jupyter,2020-12-01,361
#kudos,2020-12-01,62220
#landsat,2020-12-01,74
#latinamerica,2020-12-01,141984
#latinasintech,2020-12-01,296
#latinosintech,2020-12-01,159
#latinxintech,2020-12-01,265
#lean,2020-12-01,28294
#leansixsigma,2020-12-01,27683
#learncoding,2020-12-01,55
#learning,2020-12-01,106570
#lifelonglearning,2020-12-01,8159
#linearalgebra,2020-12-01,281
#linux,2020-12-01,448783
#llvm,2020-12-01,52
#lowlatency,2020-12-01,310
#lstm,2020-12-01,144
#machineintelligence,2020-12-01,412
#machinelearningalgorithms,2020-12-01,1020
#machinelearninginfinance,2020-12-01,30
#machinelearningtools,2020-12-01,41
#management,2020-12-01,36188675
#marketing,2020-12-01,20352798
#markets,2020-12-01,22403154
#math,2020-12-01,1180
#mathematical,2020-12-01,163
#mathematicalmodeling,2020-12-01,215
#multithreading,2020-12-01,198
#actuarial,2020-12-01,3938
#actuarialscience,2020-12-01,4921
#actuaries,2020-12-01,4612
#actuary,2020-12-01,4150
#ai,2020-12-01,537254
#algo,2020-12-01,287
#algorithmictrading,2020-12-01,465
#algorithms,2020-12-01,505548
#algotrading,2020-12-01,617
#analitica,2020-12-01,198
#analyticalchemistry,2020-12-01,7085
#ansible,2020-12-01,17348
#apachespark,2020-12-01,4064
#architecture,2020-12-01,786729
#azurecloud,2020-12-01,8539
#azuremachinelearning,2020-12-01,140
#azureml,2020-12-01,128
#bayesian,2020-12-01,326
#bayesianstatistics,2020-12-01,108
#calculus,2020-12-01,234
#cuda,2020-12-01,322
#data4good,2020-12-01,520
#dataarchitecture,2020-12-01,2137
#database,2020-12-01,381923
#datadriven,2020-12-01,4581
#dataethics,2020-12-01,513
#mathematics,2020-12-01,168433
#maths,2020-12-01,1068
#matlab,2020-12-01,5411
#matplotlib,2020-12-01,453
#maven,2020-12-01,595
#medical,2020-12-01,40499
#medicinalchemistry,2020-12-01,7199
#mentalhealth,2020-12-01,1760755
#metabolism,2020-12-01,387
#methanereduction,2020-12-01,4
#mexico,2020-12-01,19935
#microbiology,2020-12-01,20488
#microsoft,2020-12-01,225084
#midstream,2020-12-01,20822
#ml,2020-12-01,70973
#mlops,2020-12-01,640
#molecularbiology,2020-12-01,8517
#montreal,2020-12-01,7036
#mooc,2020-12-01,4286
#moocs,2020-12-01,596
#multicloud,2020-12-01,9726
#nagios,2020-12-01,123
#neo4j,2020-12-01,375
#neuralnetworks,2020-12-01,291323
#nlme,2020-12-01,2
#nlp,2020-12-01,38120
#nosql,2020-12-01,160368
#notebook,2020-12-01,119
#numpy,2020-12-01,774
#nz,2020-12-01,735
#oilandgas,2020-12-01,279092
#onlinelearning,2020-12-01,29994
#openaccess,2020-12-01,1651
#opencv,2020-12-01,8349
#opendata,2020-12-01,3656
#opensource,2020-12-01,32127
#opensourcesoftware,2020-12-01,310486
#optimization,2020-12-01,5834
#options,2020-12-01,895
#optionsstrategies,2020-12-01,154
#optionstrader,2020-12-01,12
#optionstrading,2020-12-01,466
#or,2020-12-01,136
#oracle,2020-12-01,32946
#osm,2020-12-01,324
#peopleanalytics,2020-12-01,18342
#pipelines,2020-12-01,16557
#plotly,2020-12-01,144
#podcast,2020-12-01,34171
#postgresql,2020-12-01,4937
#powerbi,2020-12-01,42296
#predictiveanalytics,2020-12-01,285023
#predictivemodeling,2020-12-01,511
#probability,2020-12-01,621
#processimprovement,2020-12-01,4337
#programmer,2020-12-01,10332
#programmerlife,2020-12-01,142
#programmers,2020-12-01,7901
#project,2020-12-01,65288
#proptrading,2020-12-01,21
#proteindesign,2020-12-01,31
#proteinengineering,2020-12-01,193
#pumas,2020-12-01,11
#pydata,2020-12-01,377
#pyspark,2020-12-01,572
#python2,2020-12-01,14
#python3,2020-12-01,8472
#pythondeveloper,2020-12-01,4391
#pytorch,2020-12-01,20551
#qgis,2020-12-01,1529
#qsp,2020-12-01,26
#quant,2020-12-02,3462
#quantitative,2020-12-02,509
#quantitativefinance,2020-12-02,4647
#quantitativeresearch,2020-12-02,4088
#r,2020-12-02,17120
#r4ds,2020-12-02,49
#rapidminer,2020-12-02,73
#raspberrypi,2020-12-02,3011
#recruiting,2020-12-02,836502
#recruitment,2020-12-02,1978624
#regressionanalysis,2020-12-02,105
#regtech,2020-12-02,6862
#reinforcementlearning,2020-12-02,14621
#reinsurance,2020-12-02,18768
#remote,2020-12-02,15879
#remotesensing,2020-12-02,6881
#remotework,2020-12-02,59475
#remoteworking,2020-12-02,25294
#research,2020-12-02,596007
#restfulapi,2020-12-02,95
#riskanalysis,2020-12-02,2791
#riskmanagement,2020-12-02,1310192
#rladies,2020-12-02,300
#rlang,2020-12-02,19
#rmarkdown,2020-12-02,65
#rprogramming,2020-12-02,672
#rstudioconf,2020-12-02,85
#rust,2020-12-02,972
#rustlang,2020-12-02,377
#sas,2020-12-02,3265
#sasprogramming,2020-12-02,717
#sasusers,2020-12-02,635
#satellite,2020-12-02,5946
#satelliteimagery,2020-12-02,608
#scala,2020-12-02,4294
#scalalang,2020-12-02,1
#scenarioplanning,2020-12-02,372
#science,2020-12-02,90693
#scientificmachinelearning,2020-12-02,9
#scientists,2020-12-02,3529
#scikitlearn,2020-12-02,510
#sde,2020-12-02,1192
#sentimentanalysis,2020-12-02,475
#shiny,2020-12-02,367
#shinydev,2020-12-02,0
#shinyops,2020-12-02,0
#sixsigma,2020-12-02,19456
#sligo,2020-12-02,123
#snowflake,2020-12-02,5814
#socialimpact,2020-12-02,55497
#software,2020-12-02,168596
#softwarecompany,2020-12-02,517
#softwaredesign,2020-12-02,6275934
#softwaredeveloper,2020-12-02,31979
#softwareengineer,2020-12-02,82253
#softwareengineering,2020-12-02,6652091
#spark,2020-12-02,8416
#spatialsurvey,2020-12-02,0
#splunk,2020-12-02,3779
#spss,2020-12-02,372
#sql,2020-12-02,400230
#startups,2020-12-02,21347261
#stata,2020-12-02,154
#statisticalanalysis,2020-12-02,514
#statistician,2020-12-02,801
#stocktrading,2020-12-02,8278
#supplychain,2020-12-02,197822
#survey,2020-12-02,7025
#swift,2020-12-02,8722
#swiftlang,2020-12-02,723
#syntheticbiology,2020-12-02,818
#systematic,2020-12-02,72
#systemsbiology,2020-12-02,161
#tableau,2020-12-02,36145
#tableausoftware,2020-12-02,4265
#technology,2020-12-02,26453940
#tensorflow,2020-12-02,39917
#tensorflowjs,2020-12-02,109
#tensorflowlite,2020-12-02,43
#textmining,2020-12-02,352
#torch,2020-12-02,43
#towardsdatascience,2020-12-02,191
#trading,2020-12-02,27784
#unity,2020-12-02,5307
#unix,2020-12-02,194475
#venturecapital,2020-12-02,19441689
#virtualconference,2020-12-02,1042
#virtualevent,2020-12-02,1039
#virtualevents,2020-12-02,2364
#virtualtraining,2020-12-02,1011
#visualization,2020-12-02,116192
#vmware,2020-12-02,314634
#vscode,2020-12-02,496
#vuejs,2020-12-02,6509
#wealthmanagement,2020-12-02,69905
#wealthmanager,2020-12-02,196
#webdevelopment,2020-12-02,668767
#webops,2020-12-02,9
#webscraping,2020-12-02,563
#wellness,2020-12-02,124151
#womeninstem,2020-12-02,15373
#womenintech,2020-12-02,68042
#xgboost,2020-12-02,131
"#actuarialscience",2020-10-17,4888
"#actuarialscience",2020-11-06,4906
"#actuaries",2020-10-07,4577
"#actuaries",2020-10-17,4586
"#actuaries",2020-11-06,4598
"#actuary",2020-10-07,4116
"#actuary",2020-10-17,4125
"#actuary",2020-11-06,4135
"#aerialimagery",2020-10-07,134
"#aerialimagery",2020-10-22,137
"#aerialimagery",2020-10-22,137
"#aerialimagery",2020-11-17,142
"#agilesoftwaredevelopment",2020-10-07,6186445
"#agilesoftwaredevelopment",2020-10-22,6184415
"#agilesoftwaredevelopment",2020-10-22,6184415
"#agilesoftwaredevelopment",2020-11-17,6181508
"#ai",2020-10-02,526428
"#ai",2020-10-07,527486
"#ai",2020-10-13,528822
"#ai",2020-10-17,529713
"#ai",2020-11-06,533169
"#akamai",2020-10-07,290
"#akamai",2020-10-22,296
"#akamai",2020-10-22,296
"#akamai",2020-11-17,302
"#algo",2020-10-07,0
"#algo",2020-10-17,285
"#algo",2020-11-06,287
"#algorithmictrading",2020-10-07,433
"#algorithmictrading",2020-10-17,439
"#algorithmictrading",2020-11-06,450
"#algorithms",2020-10-07,502984
"#algorithms",2020-10-17,503300
"#algorithms",2020-11-06,503843
"#algotrading",2020-10-07,570
"#algotrading",2020-10-17,581
"#algotrading",2020-11-06,595
"#amsterdam",2020-10-07,4325
"#amsterdam",2020-10-14,4333
"#amsterdam",2020-11-04,4362
"#analitica",2020-10-07,189
"#analitica",2020-10-17,439
"#analitica",2020-11-06,192
"#analyticalchemistry",2020-10-07,7031
"#analyticalchemistry",2020-10-17,7037
"#analyticalchemistry",2020-11-06,7064
"#analytics",2020-10-01,6478733
"#analytics",2020-10-02,6478792
"#analytics",2020-10-07,6479160
"#analytics",2020-10-09,6479335
"#analytics",2020-10-10,6477942
"#analytics",2020-10-17,6478441
"#analytics",2020-10-18,6477720
"#analytics",2020-10-25,6478246
"#analytics",2020-11-18,6477386
"#analyticsjobs",2020-10-12,226
"#analyticsjobs",2020-11-03,257
"#ansible",2020-10-07,17257
"#ansible",2020-10-17,17272
"#ansible",2020-11-06,17306
"#apachehive",2020-10-14,26
"#apachehive",2020-11-04,27
"#apachespark",2020-10-07,4004
"#apachespark",2020-10-17,4023
"#apachespark",2020-11-06,4047
"#architecture",2020-10-07,783259
"#architecture",2020-10-17,783681
"#architecture",2020-11-06,785064
"#artificialintelligence",2020-10-02,2387052
"#artificialintelligence",2020-10-07,2388405
"#artificialintelligence",2020-10-17,2389514
"#artificialintelligence",2020-10-25,2390713
"#artificialintelligence",2020-11-18,2393598
"#artificialintelligenceai",2020-10-07,774
"#artificialintelligenceai",2020-10-22,785
"#artificialintelligenceai",2020-10-22,785
"#artificialintelligenceai",2020-11-17,804
"#assetallocation",2020-10-07,12769
"#assetallocation",2020-10-22,12772
"#assetallocation",2020-10-22,12772
"#assetallocation",2020-11-17,12777
"#auckland",2020-10-07,3021
"#auckland",2020-10-22,3030
"#auckland",2020-10-22,3030
"#auckland",2020-11-17,3039
"#augmentedreality",2020-10-07,128043
"#augmentedreality",2020-10-22,128882
"#augmentedreality",2020-10-22,128882
"#augmentedreality",2020-11-17,130992
"#autodesk",2020-10-07,12596
"#autodesk",2020-10-22,12625
"#autodesk",2020-10-22,12625
"#autodesk",2020-11-17,12671
"#automl",2020-10-07,669
"#automl",2020-10-22,678
"#automl",2020-10-22,678
"#automl",2020-11-17,692
"#aviation",2020-10-07,3415789
"#aviation",2020-10-22,3415396
"#aviation",2020-10-22,3415396
"#aviation",2020-11-17,3415213
"#avionics",2020-10-07,6891
"#avionics",2020-10-22,6895
"#avionics",2020-10-22,6895
"#avionics",2020-11-17,6904
"#aws",2020-10-07,149640
"#aws",2020-10-22,150388
"#aws",2020-10-22,150388
"#aws",2020-11-17,152934
"#awscertified",2020-10-07,12861
"#awscertified",2020-10-22,12933
"#awscertified",2020-10-22,12933
"#awscertified",2020-11-17,13013
"#awsmachinelearning",2020-10-07,0
"#awsmachinelearning",2020-10-18,24
"#awsmachinelearning",2020-11-17,27
"#awsspeciality",2020-10-07,0
"#awsspeciality",2020-10-18,0
"#awsspeciality",2020-11-17,0
"#azure",2020-10-07,131932
"#azure",2020-10-22,132395
"#azure",2020-10-22,132395
"#azure",2020-11-17,133630
"#azurecloud",2020-10-07,8332
"#azurecloud",2020-10-17,8375
"#azurecloud",2020-11-06,8448
"#azuremachinelearning",2020-10-07,130
"#azuremachinelearning",2020-10-17,132
"#azuremachinelearning",2020-11-06,137
"#azureml",2020-10-07,122
"#azureml",2020-10-17,123
"#azureml",2020-11-06,126
"#bankingandfinance",2020-10-14,1224
"#bankingandfinance",2020-11-04,1259
"#bankingindustry",2020-10-14,13694411
"#bankingindustry",2020-11-04,13689407
"#bayesian",2020-10-02,319
"#bayesian",2020-10-07,319
"#bayesian",2020-10-17,322
"#bayesian",2020-11-06,322
"#bayesianstatistics",2020-10-17,98
"#bayesianstatistics",2020-11-06,103
"#bibliografia",2020-10-07,0
"#bibliografia",2020-10-22,5
"#bibliografia",2020-10-22,5
"#bibliografia",2020-11-17,6
"#bigdata",2020-10-01,7170582
"#bigdata",2020-10-07,7170761
"#bigdata",2020-10-17,7169437
"#bigdata",2020-10-18,7168580
"#bigdata",2020-10-25,7168824
"#bigdata",2020-11-18,7166430
"#bigdataanalytics",2020-10-01,5823
"#bigdataanalytics",2020-10-07,5844
"#bigdataanalytics",2020-10-22,5874
"#bigdataanalytics",2020-10-22,5874
"#bigdataanalytics",2020-10-25,5877
"#bigdataanalytics",2020-11-18,5937
"#bigdataops",2020-10-07,0
"#bigdataops",2020-10-18,0
"#bigdataops",2020-11-17,0
"#bigquery",2020-10-07,824
"#bigquery",2020-10-22,843
"#bigquery",2020-10-22,843
"#bigquery",2020-11-17,861
"#bilbao",2020-10-14,337
"#bilbao",2020-11-04,339
"#biochemistry",2020-11-18,4097
"#bioengineering",2020-11-18,1021
"#bioinformatics",2020-11-18,16148
"#biology",2020-11-18,11522
"#biopharma",2020-11-18,30822
"#biopharmajobs",2020-11-18,86
"#biophysics",2020-11-18,556
"#biostatistics",2020-11-18,4651
"#biotech",2020-11-18,96562
"#biotechjobs",2020-10-22,4875
"#biotechjobs",2020-10-22,4875
"#biotechjobs",2020-11-17,4906
"#biotechjobs",2020-11-18,4907
"#biotechnology",2020-11-18,1069084
"#blockchain",2020-10-09,94634
"#blockchain",2020-10-22,95026
"#blockchain",2020-10-22,95026
"#blockchain",2020-11-17,96013
"#bootstrap",2020-10-09,13830
"#bootstrap",2020-10-22,13834
"#bootstrap",2020-10-22,13834
"#bootstrap",2020-11-17,13842
"#bp",2020-10-09,3101
"#bp",2020-10-22,3109
"#bp",2020-10-22,3109
"#bp",2020-11-17,3124
"#bpe",2020-10-09,18
"#bpe",2020-10-22,18
"#bpe",2020-10-22,18
"#bpe",2020-11-17,18
"#businessanalytics",2020-10-09,27537
"#businessanalytics",2020-10-22,27814
"#businessanalytics",2020-10-22,27814
"#businessanalytics",2020-11-17,28519
"#businessintelligencebi",2020-10-18,641
"#businessintelligencebi",2020-11-17,660
"#c",2020-10-09,5706
"#c",2020-10-22,5733
"#c",2020-10-22,5733
"#c",2020-11-17,5787
"#calculus",2020-10-09,218
"#calculus",2020-10-17,222
"#calculus",2020-11-06,224
"#cancer",2020-10-09,19011
"#cancer",2020-10-22,19053
"#cancer",2020-10-22,19053
"#cancer",2020-11-17,19136
"#careers",2020-10-09,22505042
"#careers",2020-10-22,22510685
"#careers",2020-10-22,22510685
"#careers",2020-11-17,22518847
"#cassandra",2020-10-09,517
"#cassandra",2020-10-18,521
"#cassandra",2020-11-17,533
"#catboost",2020-10-09,0
"#catboost",2020-10-18,11
"#catboost",2020-11-17,12
"#cdn",2020-10-09,204
"#cdn",2020-10-22,208
"#cdn",2020-10-22,208
"#cdn",2020-11-17,214
"#cfa",2020-10-09,11018
"#cfa",2020-10-22,11035
"#cfa",2020-10-22,11035
"#cfa",2020-11-17,11067
"#cfos",2020-10-09,2148
"#cfos",2020-10-22,2167
"#cfos",2020-10-22,2167
"#cfos",2020-11-17,2196
"#chemistry",2020-10-09,41717
"#chemistry",2020-10-22,41910
"#chemistry",2020-10-22,41910
"#chemistry",2020-11-17,42291
"#cienciadedatos",2020-10-09,608
"#cienciadedatos",2020-10-22,616
"#cienciadedatos",2020-10-22,616
"#cienciadedatos",2020-11-17,638
"#cienciassociales",2020-10-09,94
"#cienciassociales",2020-10-22,97
"#cienciassociales",2020-10-22,97
"#cienciassociales",2020-11-17,102
"#classification",2020-10-09,527
"#classification",2020-10-22,530
"#classification",2020-10-22,530
"#classification",2020-11-17,538
"#clinicalmodeling",2020-10-22,1
"#clinicalmodeling",2020-10-22,1
"#clinicalmodeling",2020-11-17,1
"#clinicalmodeling",2020-11-18,1
"#clinicalresearch",2020-10-22,56347
"#clinicalresearch",2020-10-22,56347
"#clinicalresearch",2020-11-17,56918
"#clinicalresearch",2020-11-18,56934
"#clinicaltrial",2020-10-22,10059
"#clinicaltrial",2020-10-22,10059
"#clinicaltrial",2020-11-17,10097
"#clinicaltrial",2020-11-18,10097
"#clinicaltrials",2020-11-18,47175
"#cloud",2020-10-09,256823
"#cloud",2020-10-18,257242
"#cloud",2020-11-17,259524
"#cloudcomputing",2020-10-09,3913506
"#cloudcomputing",2020-10-22,3912292
"#cloudcomputing",2020-10-22,3912292
"#cloudcomputing",2020-10-25,3912363
"#cloudcomputing",2020-11-18,3910917
"#cloudflare",2020-10-09,194
"#cloudflare",2020-10-22,196
"#cloudflare",2020-10-22,196
"#cloudflare",2020-11-17,206
"#clustering",2020-10-09,264
"#clustering",2020-10-22,266
"#clustering",2020-10-22,266
"#clustering",2020-11-17,270
"#code",2020-10-09,15602
"#code",2020-10-22,15615
"#code",2020-10-22,15615
"#code",2020-11-17,15646
"#coder",2020-10-09,698
"#coder",2020-10-22,701
"#coder",2020-10-22,701
"#coder",2020-11-17,707
"#coders",2020-10-09,10809
"#coders",2020-10-22,10811
"#coders",2020-10-22,10811
"#coders",2020-11-17,10819
"#coding",2020-10-02,105182
"#coding",2020-10-09,106384
"#coding",2020-10-12,106967
"#coding",2020-11-03,110798
"#codingisfun",2020-10-12,805
"#codingisfun",2020-11-03,822
"#codinglife",2020-10-09,749
"#codinglife",2020-10-22,756
"#codinglife",2020-10-22,756
"#codinglife",2020-11-17,775
"#commodity",2020-10-09,660
"#commodity",2020-10-22,671
"#commodity",2020-10-22,671
"#commodity",2020-11-17,679
"#commoditymarkets",2020-10-09,987
"#commoditymarkets",2020-10-22,992
"#commoditymarkets",2020-10-22,992
"#commoditymarkets",2020-11-17,1002
"#competenciasdigitales",2020-10-09,230
"#competenciasdigitales",2020-10-22,234
"#competenciasdigitales",2020-10-22,234
"#competenciasdigitales",2020-11-17,242
"#componentmaintenance",2020-10-09,0
"#componentmaintenance",2020-10-22,0
"#componentmaintenance",2020-10-22,0
"#componentmaintenance",2020-11-17,1
"#computerscience",2020-10-09,485639
"#computerscience",2020-10-22,485862
"#computerscience",2020-10-22,485862
"#computerscience",2020-11-17,486946
"#computervision",2020-10-09,189392
"#computervision",2020-10-22,190565
"#computervision",2020-10-22,190565
"#computervision",2020-11-17,192932
"#consulting",2020-10-09,84064
"#consulting",2020-10-22,84407
"#consulting",2020-10-22,84407
"#consulting",2020-11-18,85362
"#convolutionalneuralnetwork",2020-10-09,42
"#convolutionalneuralnetwork",2020-10-22,43
"#convolutionalneuralnetwork",2020-10-22,43
"#convolutionalneuralnetwork",2020-11-18,45
"#copernicus",2020-10-09,360
"#copernicus",2020-10-22,366
"#copernicus",2020-10-22,366
"#copernicus",2020-11-18,375
"#corporatefinance",2020-10-09,15730
"#corporatefinance",2020-10-22,15771
"#corporatefinance",2020-10-22,15771
"#corporatefinance",2020-11-18,15858
"#cosmosdb",2020-10-09,545
"#cosmosdb",2020-10-22,548
"#cosmosdb",2020-10-22,548
"#cosmosdb",2020-11-18,554
"#coursera",2020-10-09,16305
"#coursera",2020-10-22,16508
"#coursera",2020-10-22,16508
"#coursera",2020-11-18,16847
"#covid",2020-10-09,172077
"#covid",2020-10-18,173185
"#covid",2020-11-17,175623
"#covid19",2020-10-09,0
"#covid19",2020-10-18,1143858
"#covid19",2020-11-17,1154998
"#covid19data",2020-10-09,76
"#covid19data",2020-10-18,79
"#covid19data",2020-11-17,107
"#cpa",2020-10-09,37931
"#cpa",2020-10-22,38025
"#cpa",2020-10-22,38025
"#cpa",2020-11-18,38258
"#cpplus",2020-10-09,41
"#cpplus",2020-10-22,44
"#cpplus",2020-10-22,44
"#cpplus",2020-11-18,46
"#cro",2020-10-09,0
"#cro",2020-10-22,6634
"#cro",2020-10-22,6634
"#cro",2020-11-18,6687
"#cuda",2020-10-06,312
"#cuda",2020-10-17,315
"#cuda",2020-11-06,316
"#cybersecurity",2020-10-09,498884
"#cybersecurity",2020-10-22,500185
"#cybersecurity",2020-10-22,500185
"#cybersecurity",2020-11-18,502746
"#cytometry",2020-10-09,192
"#cytometry",2020-10-22,193
"#cytometry",2020-10-22,193
"#cytometry",2020-11-18,194
"#dados",2020-10-14,5859
"#dados",2020-11-04,5866
"#dashboard",2020-10-09,7486
"#dashboard",2020-10-22,7544
"#dashboard",2020-10-22,7544
"#dashboard",2020-11-18,7649
"#data",2020-10-01,6156693
"#data",2020-10-09,6157243
"#data",2020-10-17,6155647
"#data",2020-10-18,6155675
"#data",2020-11-17,6155449
"#data4good",2020-10-02,486
"#data4good",2020-10-09,488
"#data4good",2020-10-17,492
"#data4good",2020-11-06,498
"#dataanalysis",2020-10-09,41405
"#dataanalysis",2020-10-17,41617
"#dataanalysis",2020-10-25,41866
"#dataanalysis",2020-11-18,42973
"#dataanalysts",2020-10-11,8502
"#dataanalysts",2020-10-17,8519
"#dataanalysts",2020-10-25,8538
"#dataanalysts",2020-11-18,8593
"#dataanalytics",2020-09-30,92797
"#dataanalytics",2020-10-05,93320
"#dataanalytics",2020-10-09,93667
"#dataanalytics",2020-10-09,93685
"#dataanalytics",2020-10-17,94318
"#dataanalytics",2020-10-25,95023
"#dataanalytics",2020-11-18,9805
"#dataarchitecture",2020-10-09,2075
"#dataarchitecture",2020-10-17,2088
"#dataarchitecture",2020-11-06,2109
"#database",2020-10-09,0
"#database",2020-10-17,382001
"#database",2020-11-06,381956
"#databases",2020-10-18,6969
"#databases",2020-11-17,6997
"#datadriven",2020-10-09,4463
"#datadriven",2020-10-17,4463
"#datadriven",2020-11-06,4514
"#dataengineering",2020-10-01,26383
"#dataengineering",2020-10-05,26466
"#dataengineering",2020-10-09,26538
"#dataengineering",2020-10-17,26654
"#dataengineering",2020-10-25,26777
"#dataengineering",2020-11-18,98051
"#dataethics",2020-10-09,493
"#dataethics",2020-10-17,497
"#dataethics",2020-11-06,505
"#datalake",2020-10-09,6201
"#datalake",2020-10-17,6210
"#datalake",2020-11-17,6235
"#dataliteracy4all",2020-10-17,4
"#dataliteracy4all",2020-11-17,6
"#datamining",2020-10-09,6231525
"#datamining",2020-10-17,6229518
"#datamining",2020-10-18,6229519
"#datamining",2020-10-25,6229574
"#datamining",2020-11-18,6226653
"#datamodeling",2020-10-09,6493
"#datamodeling",2020-10-22,6505
"#datamodeling",2020-10-22,6505
"#datamodeling",2020-11-18,6524
"#dataops",2020-10-09,934
"#dataops",2020-10-22,949
"#dataops",2020-10-22,949
"#dataops",2020-11-18,974
"#datascience",2020-09-30,733198
"#datascience",2020-10-02,733788
"#datascience",2020-10-02,733725
"#datascience",2020-10-06,735189
"#datascience",2020-10-09,736057
"#datascience",2020-10-11,736458
"#datascience",2020-10-12,736787
"#datascience",2020-10-14,737652
"#datascience",2020-10-17,738301
"#datascience",2020-10-25,740130
"#datascience",2020-11-18,746289
"#datascienceforsocialgood",2020-10-09,0
"#datascienceforsocialgood",2020-10-22,10
"#datascienceforsocialgood",2020-10-22,10
"#datascienceforsocialgood",2020-11-18,11
"#datascientist",2020-10-01,101745
"#datascientist",2020-10-05,101955
"#datascientist",2020-10-09,102129
"#datascientist",2020-10-11,102195
"#datascientist",2020-10-17,102477
"#datascientist",2020-10-25,102908
"#datascientist",2020-11-18,104979
"#datascientists",2020-10-09,41914
"#datascientists",2020-10-11,41925
"#datascientists",2020-10-17,42028
"#datascientists",2020-11-17,43073
"#datavisualization",2020-10-09,50723
"#datavisualization",2020-10-22,51025
"#datavisualization",2020-10-22,51025
"#datavisualization",2020-11-18,52697
"#dataviz",2020-10-09,10713
"#dataviz",2020-10-22,10769
"#dataviz",2020-10-22,10769
"#dataviz",2020-11-18,10900
"#deeplearning",2020-10-02,858239
"#deeplearning",2020-10-09,859848
"#deeplearning",2020-10-22,862069
"#deeplearning",2020-10-22,862069
"#deeplearning",2020-11-18,864838
"#deeplearningai",2020-10-09,173
"#deeplearningai",2020-10-22,192
"#deeplearningai",2020-10-22,192
"#deeplearningai",2020-11-18,229
"#developer",2020-10-09,104255
"#developer",2020-10-22,107026
"#developer",2020-10-22,107026
"#developer",2020-11-18,110918
"#developers",2020-10-09,17767
"#developers",2020-10-22,17836
"#developers",2020-10-22,17836
"#developers",2020-11-18,17937
"#development",2020-10-09,41720
"#development",2020-10-22,42114
"#development",2020-10-22,42114
"#development",2020-11-18,43251
"#devops",2020-10-09,621805
"#devops",2020-10-18,621961
"#devops",2020-11-17,623267
"#digitaltransformation",2020-10-09,378970
"#digitaltransformation",2020-10-22,380257
"#digitaltransformation",2020-10-22,380257
"#digitaltransformation",2020-11-18,384293
"#discoverybiology",2020-10-09,0
"#discoverybiology",2020-10-22,13
"#discoverybiology",2020-10-22,13
"#discoverybiology",2020-11-18,14
"#distributedcomputing",2020-10-09,50412
"#distributedcomputing",2020-10-22,50401
"#distributedcomputing",2020-10-22,50401
"#distributedcomputing",2020-11-18,50372
"#diversity",2020-10-09,164300
"#diversity",2020-10-22,166033
"#diversity",2020-10-22,166033
"#diversity",2020-11-18,169209
"#dmpk",2020-11-18,95
"#docker",2020-10-09,41613
"#docker",2020-10-18,41746
"#docker",2020-11-17,42713
"#dplyr",2020-10-09,0
"#dplyr",2020-10-18,64
"#dplyr",2020-11-17,64
"#drugdiscovery",2020-11-18,41678
"#drugmetabolism",2020-11-18,51
"#dynamodb",2020-10-09,143
"#dynamodb",2020-10-17,144
"#dynamodb",2020-11-17,151
"#earthobservation",2020-10-09,1870
"#earthobservation",2020-10-17,1881
"#earthobservation",2020-11-17,1913
"#econometrics",2020-10-11,96222
"#econometrics",2020-10-17,96235
"#econometrics",2020-11-17,96205
"#economy",2020-10-11,18806887
"#economy",2020-10-17,18807073
"#economy",2020-11-17,18796274
"#eda",2020-10-11,535
"#eda",2020-10-17,537
"#eda",2020-11-17,584
"#edge",2020-10-11,2865
"#edge",2020-10-17,2877
"#edge",2020-11-17,2935
"#edgecomputing",2020-10-11,5556
"#edgecomputing",2020-10-17,5586
"#edgecomputing",2020-11-17,5703
"#edtech",2020-10-17,1343
"#edtech",2020-11-17,62435
"#educacion",2020-10-11,22556
"#educacion",2020-10-22,22570
"#educacion",2020-10-22,22570
"#educacion",2020-11-18,NA
"#educacioncontinua",2020-10-11,251
"#educacioncontinua",2020-10-22,251
"#educacioncontinua",2020-10-22,251
"#educacioncontinua",2020-11-18,NA
"#education",2020-10-11,9645554
"#education",2020-10-22,9647010
"#education",2020-10-22,9647010
"#education",2020-11-18,9646097
"#elearningplatform",2020-10-11,48
"#elearningplatform",2020-10-22,59
"#elearningplatform",2020-10-22,59
"#elearningplatform",2020-11-18,NA
"#emotionalintelligence",2020-10-11,2989493
"#emotionalintelligence",2020-10-22,2989321
"#emotionalintelligence",2020-10-22,2989321
"#emotionalintelligence",2020-11-18,2988832
"#employment",2020-10-11,49055
"#employment",2020-10-22,50505
"#employment",2020-10-22,50505
"#employment",2020-11-18,53803
"#energyefficiency",2020-10-11,19645
"#energyefficiency",2020-10-22,19742
"#energyefficiency",2020-10-22,19742
"#energyefficiency",2020-11-18,19928
"#energyindustry",2020-10-11,12736
"#energyindustry",2020-10-22,12758
"#energyindustry",2020-10-22,12758
"#energyindustry",2020-11-18,12802
"#engenhariadesoftware",2020-10-11,202
"#engenhariadesoftware",2020-10-22,204
"#engenhariadesoftware",2020-10-22,204
"#engenhariadesoftware",2020-11-18,211
"#engineering",2020-10-11,1772176
"#engineering",2020-10-22,1776874
"#engineering",2020-10-22,1776874
"#engineering",2020-11-18,1787440
"#enterprise",2020-10-02,3147
"#enterprise",2020-10-11,3149
"#enterprise",2020-10-22,3158
"#enterprise",2020-10-22,3158
"#enterprise",2020-11-18,3179
"#enzymes",2020-10-11,470
"#enzymes",2020-10-22,477
"#enzymes",2020-10-22,477
"#enzymes",2020-11-18,481
"#eo",2020-10-11,216
"#eo",2020-10-22,219
"#eo",2020-10-22,219
"#eo",2020-11-18,225
"#equities",2020-10-11,22354
"#equities",2020-10-22,22367
"#equities",2020-10-22,22367
"#equities",2020-11-18,22378
"#estatistica",2020-10-11,368
"#estatistica",2020-10-22,369
"#estatistica",2020-10-22,369
"#estatistica",2020-11-18,374
"#eticaendatos",2020-10-11,0
"#eticaendatos",2020-10-22,0
"#eticaendatos",2020-10-22,0
"#eticaendatos",2020-11-18,0
"#etl",2020-10-11,6801
"#etl",2020-10-22,6833
"#etl",2020-10-22,6833
"#etl",2020-11-18,6867
"#fastly",2020-10-11,23
"#fastly",2020-10-22,26
"#fastly",2020-10-22,26
"#fastly",2020-11-18,26
"#finance",2020-10-11,1144284
"#finance",2020-10-22,1145718
"#finance",2020-10-22,1145718
"#finance",2020-11-18,1149059
"#financeprofessionals",2020-10-11,727
"#financeprofessionals",2020-10-22,753
"#financeprofessionals",2020-10-22,753
"#financeprofessionals",2020-11-18,802
"#financialanalysis",2020-10-11,7178
"#financialanalysis",2020-10-22,7191
"#financialanalysis",2020-10-22,7191
"#financialanalysis",2020-11-18,7252
"#financialmarket",2020-10-11,286
"#financialmarket",2020-10-22,287
"#financialmarket",2020-10-22,287
"#financialmarket",2020-11-18,293
"#financialmodelling",2020-10-11,1454
"#financialmodelling",2020-11-03,1492
"#financialrisk",2020-10-11,219
"#financialrisk",2020-11-03,224
"#fintech",2020-10-11,416095
"#fintech",2020-11-03,418220
"#firebase",2020-10-11,687
"#firebase",2020-11-03,700
"#flask",2020-10-11,427
"#flask",2020-11-03,437
"#flowcytometry",2020-10-11,3001
"#flowcytometry",2020-11-03,3016
"#forecasting",2020-10-11,3556
"#forecasting",2020-10-18,3576
"#forecasting",2020-11-17,3647
"#forestry",2020-10-11,6961
"#forestry",2020-11-03,6995
"#fortran",2020-10-11,64
"#fortran",2020-11-03,66
"#foss",2020-10-11,222
"#foss",2020-11-03,224
"#futureoffinance",2020-10-11,839
"#futureoffinance",2020-11-03,856
"#gcpcloud",2020-10-11,223
"#gcpcloud",2020-11-03,258
"#genetics",2020-10-11,11060
"#genetics",2020-11-03,11097
"#genomics",2020-10-11,26442
"#genomics",2020-11-03,26585
"#geocoding",2020-10-11,86
"#geocoding",2020-11-03,88
"#geospatial",2020-10-11,10603
"#geospatial",2020-10-18,10616
"#geospatial",2020-11-17,10687
"#geospatialdata",2020-10-11,648
"#geospatialdata",2020-11-03,664
"#ggplot2",2020-10-11,318
"#ggplot2",2020-11-03,321
"#gis",2020-10-02,16821
"#gis",2020-10-11,16868
"#gis",2020-10-18,16904
"#gis",2020-11-17,17052
"#gisanalytics",2020-10-11,0
"#gisanalytics",2020-11-03,1
"#gischat",2020-10-12,0
"#gischat",2020-10-18,31
"#gischat",2020-11-17,33
"#git",2020-10-12,6745
"#git",2020-11-03,6768
"#github",2020-10-12,42730
"#github",2020-11-03,45471
"#golang",2020-10-12,4708
"#golang",2020-11-03,4779
"#googlecloud",2020-10-12,21281
"#googlecloud",2020-11-03,21450
"#gpt3",2020-10-06,1075
"#gpt3",2020-10-17,1123
"#gpt3",2020-11-17,1162
"#gptw",2020-10-12,4121
"#gptw",2020-11-03,4195
"#gpu",2020-10-06,542
"#gpu",2020-10-17,547
"#gpu",2020-11-17,558
"#gpucomputing",2020-10-06,11
"#gpucomputing",2020-10-17,13
"#gpucomputing",2020-11-17,20
"#gpus",2020-10-06,122
"#gpus",2020-10-17,124
"#gpus",2020-11-17,131
"#graphanalytics",2020-10-02,75
"#graphanalytics",2020-10-12,76
"#graphanalytics",2020-11-03,81
"#graphdatabase",2020-10-02,258
"#graphdatabase",2020-10-12,264
"#graphdatabase",2020-11-03,272
"#graphics",2020-10-12,19839
"#graphics",2020-11-03,19845
"#graphql",2020-10-02,712
"#graphql",2020-10-12,722
"#graphql",2020-11-03,734
"#hackathon",2020-10-07,15725
"#hackathon",2020-10-17,15778
"#hackathon",2020-11-17,366915927
"#hackathons",2020-10-13,905
"#hackathons",2020-11-04,925
"#hadoop",2020-10-12,163558
"#hadoop",2020-11-03,163599
"#health",2020-10-12,2269254
"#health",2020-11-03,2268898
"#healthcare",2020-11-18,9761173
"#hedgefund",2020-10-12,14961
"#hedgefund",2020-11-03,14984
"#hedging",2020-10-12,557
"#hedging",2020-11-03,561
"#heroku",2020-10-12,195
"#heroku",2020-11-03,198
"#highperformancecomputing",2020-10-01,242
"#highperformancecomputing",2020-10-12,245
"#highperformancecomputing",2020-11-03,250
"#hiring",2020-10-12,2170038
"#hiring",2020-11-03,2205072
"#hpc",2020-10-01,1999
"#hpc",2020-10-12,2014
"#hpc",2020-11-03,2034
"#hr",2020-10-12,826863
"#hr",2020-11-03,839705
"#hybridcloud",2020-10-12,11445
"#hybridcloud",2020-11-03,11491
"#ibmcloud",2020-10-12,3950
"#ibmcloud",2020-11-03,3987
"#ibmspss",2020-10-12,2
"#ibmspss",2020-11-03,3
"#imagerecognition",2020-10-12,252
"#imagerecognition",2020-11-03,259
"#infrastructure",2020-10-12,93010
"#infrastructure",2020-11-03,93676
"#innovation",2020-10-12,38885074
"#innovation",2020-11-03,38887317
"#insurance",2020-10-12,859851
"#insurance",2020-11-03,860090
"#insurtech",2020-10-12,34694
"#insurtech",2020-11-03,34848
"#investing",2020-10-12,14506848
"#investing",2020-11-03,14502040
"#investingstrategy",2020-10-12,37
"#investingstrategy",2020-11-04,52
"#investment",2020-10-12,71647
"#investment",2020-11-04,72706
"#investmentmanagement",2020-10-12,25041
"#investmentmanagement",2020-11-04,25356
"#investmentportfolio",2020-10-12,554
"#investmentportfolio",2020-11-04,555
"#investments",2020-10-12,43548
"#investments",2020-11-04,247182
"#iot",2020-10-12,105632
"#iot",2020-11-04,106472
"#ipython",2020-10-12,0
"#ipython",2020-11-04,5
"#java",2020-10-12,245836
"#java",2020-11-04,247182
"#javaprogramming",2020-10-14,856
"#javaprogramming",2020-11-04,893
"#javascript",2020-10-12,762351
"#javascript",2020-11-04,763939
"#jenkins",2020-10-12,13317
"#jenkins",2020-11-04,13343
"#job",2020-10-12,779001
"#job",2020-11-04,813313
"#jobs",2020-10-12,2588884
"#jobs",2020-11-04,2620360
"#jobsearch",2020-10-12,1533084
"#jobsearch",2020-11-04,1573337
"#julia",2020-10-01,221
"#julia",2020-10-12,222
"#julia",2020-11-04,224
"#julialang",2020-10-01,233
"#julialang",2020-10-05,235
"#julialang",2020-10-08,237
"#julialang",2020-10-12,239
"#julialang",2020-10-17,242
"#julialang",2020-10-25,247
"#julialang",2020-11-18,261
"#jupyter",2020-10-12,342
"#jupyter",2020-11-04,354
"#jvm",2020-10-12,141
"#jvm",2020-10-18,142
"#jvm",2020-11-17,146
"#kafka",2020-10-14,7866
"#kafka",2020-10-18,7870
"#kafka",2020-11-17,7910
"#kaggle",2020-10-06,31720
"#kaggle",2020-10-13,31844
"#kaggle",2020-10-18,31920
"#kaggle",2020-10-25,32013
"#kaggle",2020-11-18,32660
"#keras",2020-10-02,12598
"#keras",2020-10-14,12605
"#keras",2020-10-25,12615
"#keras",2020-11-18,12614
"#knime",2020-10-14,316
"#knime",2020-10-25,319
"#knime",2020-11-18,332
"#kubernetes",2020-10-14,80998
"#kubernetes",2020-10-25,81268
"#kubernetes",2020-11-18,82169
"#kudos",2020-10-14,59356
"#kudos",2020-11-04,60767
"#landsat",2020-10-12,63
"#landsat",2020-10-14,63
"#landsat",2020-11-04,72
"#latinamerica",2020-10-14,141906
"#latinamerica",2020-11-04,141905
"#latinasintech",2020-10-14,273
"#latinasintech",2020-11-04,285
"#latinosintech",2020-10-14,149
"#latinosintech",2020-11-04,155
"#latinxintech",2020-10-14,249
"#latinxintech",2020-11-04,261
"#lean",2020-10-14,26096
"#lean",2020-11-04,26884
"#leansixsigma",2020-10-14,26410
"#leansixsigma",2020-11-04,26932
"#learncoding",2020-10-14,42
"#learncoding",2020-11-04,52
"#learning",2020-10-14,99346
"#learning",2020-11-04,102703
"#lifelonglearning",2020-10-14,7904
"#lifelonglearning",2020-11-04,8017
"#lifescience",2020-11-18,24658
"#lifesciences",2020-11-18,53621
"#linearalgebra",2020-10-14,264
"#linearalgebra",2020-11-04,267
"#linux",2020-10-14,447774
"#linux",2020-11-04,448059
"#llvm",2020-10-14,0
"#llvm",2020-11-04,50
"#lowlatency",2020-10-14,302
"#lowlatency",2020-11-04,303
"#lstm",2020-10-14,140
"#lstm",2020-11-04,142
"#machineintelligence",2020-10-12,401
"#machineintelligence",2020-11-04,408
"#machinelearning",2020-09-30,1659217
"#machinelearning",2020-10-12,1661354
"#machinelearning",2020-10-14,1661919
"#machinelearning",2020-10-17,1662536
"#machinelearning",2020-10-25,1663723
"#machinelearning",2020-11-18,1669380
"#machinelearningalgorithms",2020-10-14,942
"#machinelearningalgorithms",2020-11-04,977
"#machinelearninginfinance",2020-10-02,27
"#machinelearninginfinance",2020-10-14,0
"#machinelearninginfinance",2020-11-04,30
"#machinelearningtools",2020-10-12,28
"#machinelearningtools",2020-11-04,36
"#management",2020-10-14,36204998
"#management",2020-11-04,36198696
"#managementscience",2020-10-14,0
"#managementscience",2020-10-18,12
"#managementscience",2020-11-17,13
"#marketing",2020-10-14,20333590
"#marketing",2020-11-04,20346560
"#markets",2020-10-14,22421127
"#markets",2020-11-04,22412871
"#math",2020-10-02,1123
"#math",2020-10-14,1131
"#math",2020-11-04,1151
"#mathematical",2020-10-02,159
"#mathematical",2020-10-14,160
"#mathematical",2020-11-04,161
"#mathematicalmodeling",2020-10-02,204
"#mathematicalmodeling",2020-10-14,207
"#mathematicalmodeling",2020-11-04,210
"#mathematics",2020-10-02,167674
"#mathematics",2020-10-14,167722
"#mathematics",2020-11-06,167894
"#maths",2020-10-02,1027
"#maths",2020-10-14,1034
"#maths",2020-11-06,1049
"#matlab",2020-10-14,5327
"#matlab",2020-11-06,5366
"#matplotlib",2020-10-14,427
"#matplotlib",2020-11-06,438
"#maven",2020-10-14,592
"#maven",2020-11-06,594
"#medical",2020-10-14,39289
"#medical",2020-11-06,39782
"#medicinalchemistry",2020-10-14,7171
"#medicinalchemistry",2020-11-06,7185
"#mentalhealth",2020-10-14,1753654
"#mentalhealth",2020-11-06,1757811
"#metabolism",2020-10-14,372
"#metabolism",2020-11-06,376
"#methanereduction",2020-10-14,0
"#methanereduction",2020-11-06,2
"#mexico",2020-10-14,19801
"#mexico",2020-11-06,19876
"#miami",2020-10-06,3628
"#miami",2020-10-17,3642
"#miami",2020-11-17,NA
"#microbiology",2020-10-14,20260
"#microbiology",2020-11-06,20363
"#microsoft",2020-10-14,220214
"#microsoft",2020-11-06,222338
"#midstream",2020-10-14,20820
"#midstream",2020-11-06,20825
"#MIT",2020-10-05,4494
"#MIT",2020-11-03,4546
"#ml",2020-10-14,67477
"#ml",2020-11-06,68537
"#mlops",2020-10-14,555
"#mlops",2020-11-06,607
"#molecularbiology",2020-10-14,8471
"#molecularbiology",2020-11-06,8502
"#mongodb",2020-10-11,6771
"#mongodb",2020-11-03,6805
"#montreal",2020-10-14,6969
"#montreal",2020-11-06,7005
"#mooc",2020-10-14,4147
"#mooc",2020-10-14,4148
"#mooc",2020-11-06,4210
"#moocs",2020-10-14,575
"#moocs",2020-11-06,584
"#multicloud",2020-10-14,9651
"#multicloud",2020-11-06,9691
"#multithreading",2020-10-12,189
"#multithreading",2020-11-04,196
"#nagios",2020-10-14,120
"#nagios",2020-11-06,122
"#neo4j",2020-10-02,358
"#neo4j",2020-10-11,359
"#neo4j",2020-10-14,360
"#neo4j",2020-11-06,363
"#neuralnetworks",2020-10-02,289162
"#neuralnetworks",2020-10-14,289234
"#neuralnetworks",2020-11-06,289489
"#nlme",2020-10-14,0
"#nlme",2020-11-06,2
"#NLME",2020-11-18,2
"#nlp",2020-10-13,35926
"#nlp",2020-10-14,35954
"#nlp",2020-11-06,36528
"#nosql",2020-10-14,160418
"#nosql",2020-11-06,160383
"#notebook",2020-10-14,113
"#notebook",2020-11-06,117
"#numpy",2020-10-14,743
"#numpy",2020-11-06,759
"#nvidia",2020-10-06,3627
"#nvidia",2020-10-17,3647
"#nvidia",2020-11-17,3681
"#nz",2020-10-14,724
"#nz",2020-11-06,731
"#oilandgas",2020-10-14,270134
"#oilandgas",2020-11-06,274310
"#onlinelearning",2020-10-14,28697
"#onlinelearning",2020-11-06,29087
"#openaccess",2020-10-14,1560
"#openaccess",2020-11-06,1610
"#opencv",2020-10-14,8297
"#opencv",2020-11-06,8314
"#opendata",2020-10-14,3558
"#opendata",2020-11-06,3613
"#opensource",2020-10-14,28976
"#opensource",2020-11-06,29871
"#opensourcesoftware",2020-10-14,310663
"#opensourcesoftware",2020-11-06,310537
"#operationsresearch",2020-10-14,843
"#operationsresearch",2020-10-18,847
"#operationsresearch",2020-11-17,864
"#optimization",2020-10-02,5690
"#optimization",2020-10-10,5706
"#optimization",2020-10-14,5717
"#optimization",2020-11-06,5776
"#options",2020-10-14,875
"#options",2020-11-06,882
"#optionsstrategies",2020-10-14,146
"#optionsstrategies",2020-11-06,148
"#optionstrader",2020-10-14,11
"#optionstrader",2020-11-06,11
"#optionstrading",2020-10-14,448
"#optionstrading",2020-11-06,459
"#or",2020-10-14,0
"#or",2020-11-06,129
"#oracle",2020-10-14,31669
"#oracle",2020-11-06,32137
"#oracledatabase",2020-10-18,6552
"#oracledatabase",2020-11-17,6579
"#osm",2020-10-14,316
"#osm",2020-11-06,321
"#pandas",2020-10-11,24643
"#pandas",2020-10-14,24675
"#pandas",2020-10-18,24708
"#pandas",2020-11-17,25415
"#parallelcomputing",2020-10-12,74
"#parallelcomputing",2020-10-18,75
"#parallelcomputing",2020-11-17,76
"#pbpk",2020-10-14,0
"#pbpk",2020-10-18,48
"#pbpk",2020-11-17,50
"#PBPK",2020-11-18,50
"#peopleanalytics",2020-10-02,18092
"#peopleanalytics",2020-10-14,18153
"#peopleanalytics",2020-11-06,18245
"#pharma",2020-11-18,98773
"#Pharma",2020-11-18,98773
"#pharmaceutical",2020-11-18,71225
"#pharmacokinetics",2020-11-18,383
"#pharmacology",2020-11-18,12860
"#Pharmacology",2020-11-18,12860
"#pharmacometrics",2020-11-18,92
"#pharmacy",2020-11-18,63480
"#pharmaindustry",2020-11-18,25501
"#pipelines",2020-10-14,16503
"#pipelines",2020-11-06,16541
"#plotly",2020-10-14,133
"#plotly",2020-11-06,135
"#podcast",2020-10-14,32091
"#podcast",2020-11-06,33052
"#postgresql",2020-10-14,4863
"#postgresql",2020-10-14,4863
"#postgresql",2020-11-06,4888
"#powerbi",2020-10-14,39320
"#powerbi",2020-11-06,40481
"#predictiveanalytics",2020-10-14,285054
"#predictiveanalytics",2020-11-06,285031
"#predictivemodeling",2020-10-14,490
"#predictivemodeling",2020-11-06,500
"#probability",2020-10-01,600
"#probability",2020-10-14,603
"#probability",2020-11-06,614
"#processimprovement",2020-10-16,4210
"#processimprovement",2020-11-06,4276
"#programmer",2020-10-16,10292
"#programmer",2020-11-06,10304
"#programmerlife",2020-10-16,138
"#programmerlife",2020-11-06,138
"#programmers",2020-10-16,7876
"#programmers",2020-11-06,7888
"#programming",2020-09-30,6632322
"#programming",2020-10-12,6633820
"#programming",2020-10-14,6634487
"#programming",2020-10-16,6634781
"#programming",2020-10-18,6634227
"#programming",2020-11-17,6636523
"#project",2020-10-16,61647
"#project",2020-11-06,63046
"#proptrading",2020-10-16,0
"#proptrading",2020-11-06,19
"#proteindesign",2020-10-16,0
"#proteindesign",2020-11-06,28
"#proteinengineering",2020-10-16,184
"#proteinengineering",2020-11-06,185
"#publichealth",2020-11-18,698440
"#pumas",2020-10-16,0
"#pumas",2020-11-06,10
"#Pumas",2020-11-18,11
"#pydata",2020-10-01,358
"#pydata",2020-10-09,361
"#pydata",2020-10-16,362
"#pydata",2020-11-06,363
"#pyspark",2020-10-16,541
"#pyspark",2020-11-06,555
"#python",2020-10-02,453609
"#python",2020-10-09,456124
"#python",2020-10-12,457140
"#python",2020-10-16,458905
"#python",2020-10-25,461711
"#python",2020-11-18,470005
"#python2",2020-10-16,0
"#python2",2020-11-06,14
"#python3",2020-10-02,8347
"#python3",2020-10-16,8399
"#python3",2020-11-06,8427
"#pythondeveloper",2020-10-16,4227
"#pythondeveloper",2020-11-06,4295
"#pythonprogramming",2020-10-02,19558
"#pythonprogramming",2020-10-16,19675
"#pythonprogramming",2020-10-25,19734
"#pythonprogramming",2020-11-18,19832
"#pytorch",2020-10-16,20518
"#pytorch",2020-11-06,20529
"#qgis",2020-10-16,1453
"#qgis",2020-11-06,1488
"#qsp",2020-10-16,25
"#qsp",2020-11-06,26
"#QSP",2020-11-18,26
"#quant",2020-10-16,3438
"#quant",2020-11-06,3447
"#quantfinance",2020-10-16,0
"#quantfinance",2020-10-18,69
"#quantfinance",2020-11-17,73
"#quantitative",2020-10-02,490
"#quantitative",2020-10-16,496
"#quantitative",2020-11-06,502
"#quantitativefinance",2020-10-08,4568
"#quantitativefinance",2020-10-16,4579
"#quantitativefinance",2020-11-06,4609
"#quantitativeresearch",2020-10-02,4053
"#quantitativeresearch",2020-10-16,4066
"#quantitativeresearch",2020-11-06,4082
"#quantumcomputing",2020-10-06,8249
"#quantumcomputing",2020-10-17,8333
"#quantumcomputing",2020-11-17,8511
"#r",2020-10-02,17007
"#r",2020-10-16,0
"#r",2020-11-06,17077
"#r4ds",2020-10-02,47
"#r4ds",2020-10-16,0
"#r4ds",2020-11-06,48
"#rapidminer",2020-10-16,72
"#rapidminer",2020-11-06,72
"#raspberrypi",2020-10-16,2951
"#raspberrypi",2020-11-06,2983
"#recruiting",2020-10-16,810714
"#recruiting",2020-11-06,823582
"#recruitment",2020-10-16,1900274
"#recruitment",2020-11-06,1939330
"#regressionanalysis",2020-10-16,95
"#regressionanalysis",2020-11-06,103
"#regtech",2020-10-16,6764
"#regtech",2020-11-06,6816
"#reinforcementlearning",2020-10-02,14531
"#reinforcementlearning",2020-10-16,14560
"#reinforcementlearning",2020-11-06,14594
"#reinsurance",2020-10-16,18738
"#reinsurance",2020-11-06,18754
"#remote",2020-10-16,0
"#remote",2020-11-06,15661
"#remotesensing",2020-10-12,6777
"#remotesensing",2020-10-16,6790
"#remotesensing",2020-11-06,6826
"#remotework",2020-10-16,56583
"#remotework",2020-11-06,57697
"#remoteworking",2020-10-16,24500
"#remoteworking",2020-11-06,24827
"#research",2020-10-16,593643
"#research",2020-11-06,594380
"#restfulapi",2020-10-16,93
"#restfulapi",2020-11-06,93
"#riskanalysis",2020-10-01,2706
"#riskanalysis",2020-10-16,2735
"#riskanalysis",2020-11-06,2756
"#riskmanagement",2020-10-16,1310027
"#riskmanagement",2020-11-06,1309900
"#rladies",2020-10-16,295
"#rladies",2020-11-06,299
"#rlang",2020-10-02,18
"#rlang",2020-10-16,0
"#rlang",2020-11-06,19
"#rmarkdown",2020-10-02,63
"#rmarkdown",2020-10-16,0
"#rmarkdown",2020-11-06,64
"#rprogramming",2020-10-11,648
"#rprogramming",2020-10-16,652
"#rprogramming",2020-11-06,657
"#rspatial",2020-10-02,12
"#rspatial",2020-10-05,13
"#rspatial",2020-10-12,13
"#rspatial",2020-10-18,13
"#rspatial",2020-11-17,13
"#rstats",2020-09-30,6921
"#rstats",2020-10-02,6926
"#rstats",2020-10-05,6936
"#rstats",2020-10-09,6940
"#rstats",2020-10-10,6940
"#rstats",2020-10-11,6943
"#rstats",2020-10-12,6945
"#rstats",2020-10-14,6948
"#rstats",2020-10-16,6952
"#rstats",2020-10-17,6959
"#rstats",2020-10-18,6963
"#rstats",2020-10-25,6981
"#rstats",2020-11-18,7010
"#rstudio",2020-10-01,4928
"#rstudio",2020-10-05,4932
"#rstudio",2020-10-08,4934
"#rstudio",2020-10-09,4938
"#rstudio",2020-10-16,4944
"#rstudio",2020-10-18,4947
"#rstudio",2020-11-17,4976
"#rstudioconf",2020-10-16,0
"#rstudioconf",2020-11-06,85
"#rust",2020-10-16,929
"#rust",2020-11-06,949
"#rustlang",2020-10-16,350
"#rustlang",2020-11-06,361
"#sas",2020-10-16,3183
"#sas",2020-11-06,3221
"#sasprogramming",2020-10-16,675
"#sasprogramming",2020-11-06,691
"#sasusers",2020-10-16,620
"#sasusers",2020-11-06,625
"#satellite",2020-10-16,5902
"#satellite",2020-11-06,5923
"#satelliteimagery",2020-10-12,576
"#satelliteimagery",2020-10-16,581
"#satelliteimagery",2020-11-06,595
"#scala",2020-10-16,4239
"#scala",2020-11-06,4269
"#scalalang",2020-10-16,0
"#scalalang",2020-11-06,1
"#scenarioplanning",2020-10-16,341
"#scenarioplanning",2020-11-06,350
"#science",2020-10-16,87664
"#science",2020-11-06,88921
"#scientificmachinelearning",2020-10-16,0
"#scientificmachinelearning",2020-11-06,9
"#ScientificMachineLearning",2020-10-02,9
"#ScientificMachineLearning",2020-11-03,9
"#scientists",2020-10-16,3495
"#scientists",2020-11-06,3509
"#scikitlearn",2020-10-16,490
"#scikitlearn",2020-11-06,496
"#sde",2020-10-16,1112
"#sde",2020-11-06,1150
"#sentimentanalysis",2020-10-16,447
"#sentimentanalysis",2020-11-06,457
"#seriousdatascience",2020-10-09,78
"#seriousdatascience",2020-10-17,78
"#seriousdatascience",2020-11-17,78
"#shiny",2020-10-16,361
"#shiny",2020-11-06,364
"#shinydev",2020-10-16,0
"#shinydev",2020-11-06,0
"#shinyops",2020-10-16,0
"#shinyops",2020-11-06,0
"#sixsigma",2020-10-16,19235
"#sixsigma",2020-11-06,19353
"#sligo",2020-10-14,119
"#sligo",2020-11-06,121
"#snowflake",2020-10-16,5740
"#snowflake",2020-11-06,5772
"#socialimpact",2020-10-14,53958
"#socialimpact",2020-11-06,54348
"#software",2020-10-16,167404
"#software",2020-11-06,167917
"#softwarecompany",2020-10-16,505
"#softwarecompany",2020-11-06,509
"#softwaredesign",2020-10-16,6281263
"#softwaredesign",2020-11-06,6278495
"#softwaredeveloper",2020-10-16,27915
"#softwaredeveloper",2020-11-06,28955
"#softwareengineer",2020-10-16,77801
"#softwareengineer",2020-11-06,79196
"#softwareengineering",2020-10-16,6653568
"#softwareengineering",2020-11-06,6651809
"#spark",2020-10-16,8312
"#spark",2020-11-06,8354
"#spatialsurvey",2020-10-16,0
"#spatialsurvey",2020-11-06,0
"#splunk",2020-10-16,3712
"#splunk",2020-11-06,3751
"#spss",2020-10-16,357
"#spss",2020-11-06,367
"#sql",2020-10-02,397220
"#sql",2020-10-10,397359
"#sql",2020-10-12,397412
"#sql",2020-10-16,397516
"#sql",2020-11-06,398116
"#startups",2020-10-16,21359189
"#startups",2020-11-06,21351662
"#stata",2020-10-16,147
"#stata",2020-11-06,151
"#statisticalanalysis",2020-10-16,492
"#statisticalanalysis",2020-11-06,500
"#statistician",2020-10-16,794
"#statistician",2020-11-06,797
"#statistics",2020-09-30,50896
"#statistics",2020-10-01,50942
"#statistics",2020-10-05,51090
"#statistics",2020-10-08,51167
"#statistics",2020-10-09,51191
"#statistics",2020-10-11,51229
"#statistics",2020-10-14,51325
"#statistics",2020-10-16,51371
"#statistics",2020-10-17,51389
"#statistics",2020-10-25,51629
"#statistics",2020-11-18,52886
"#stats",2020-10-25,264
"#stats",2020-11-18,268
"#stocktrading",2020-10-16,8244
"#stocktrading",2020-11-06,8253
"#supplychain",2020-10-16,194312
"#supplychain",2020-11-06,195776
"#survey",2020-10-16,6942
"#survey",2020-11-06,6987
"#swift",2020-10-16,8653
"#swift",2020-11-06,8688
"#swiftlang",2020-10-16,719
"#swiftlang",2020-11-06,721
"#syntheticbiology",2020-10-16,792
"#syntheticbiology",2020-11-06,802
"#systematic",2020-10-16,71
"#systematic",2020-11-06,71
"#systemsbiology",2020-10-16,161
"#systemsbiology",2020-11-06,161
"#tableau",2020-10-16,34112
"#tableau",2020-11-06,34639
"#tableausoftware",2020-10-16,4232
"#tableausoftware",2020-11-06,4241
"#technology",2020-10-16,26444507
"#technology",2020-11-06,26448057
"#tensorflow",2020-10-02,37104
"#tensorflow",2020-10-05,37203
"#tensorflow",2020-10-16,37426
"#tensorflow",2020-11-06,38056
"#tensorflowjs",2020-10-16,97
"#tensorflowjs",2020-11-06,99
"#tensorflowlite",2020-10-16,0
"#tensorflowlite",2020-11-06,43
"#textmining",2020-10-13,338
"#textmining",2020-10-16,338
"#textmining",2020-11-06,345
"#tidyverse",2020-10-01,714
"#tidyverse",2020-10-05,714
"#tidyverse",2020-10-06,714
"#tidyverse",2020-10-16,715
"#tidyverse",2020-10-18,715
"#tidyverse",2020-11-17,723
"#timeseries",2020-10-16,715
"#timeseries",2020-10-18,715
"#timeseriesanalysis",2020-10-16,165
"#timeseriesanalysis",2020-10-18,165
"#torch",2020-10-16,42
"#torch",2020-11-06,42
"#towardsdatascience",2020-10-16,185
"#towardsdatascience",2020-11-06,186
"#trading",2020-10-16,26503
"#trading",2020-11-06,26904
"#twilio",2020-10-07,324
"#twilio",2020-10-17,330
"#unity",2020-10-16,5226
"#unity",2020-11-06,5268
"#unix",2020-10-16,194613
"#unix",2020-11-06,194531
"#vaccines",2020-10-17,5614
"#vaccines",2020-11-17,5672
"#venturecapital",2020-10-16,19456819
"#venturecapital",2020-11-06,19447970
"#virtualconference",2020-10-16,878
"#virtualconference",2020-11-06,966
"#virtualevent",2020-10-16,859
"#virtualevent",2020-11-06,943
"#virtualevents",2020-10-16,2009
"#virtualevents",2020-11-06,2177
"#virtualtraining",2020-10-16,951
"#virtualtraining",2020-11-06,985
"#visualization",2020-10-16,115039
"#visualization",2020-11-06,115322
"#vmware",2020-10-16,314688
"#vmware",2020-11-06,314649
"#vscode",2020-10-16,462
"#vscode",2020-11-06,479
"#vuejs",2020-10-16,6430
"#vuejs",2020-11-06,6455
"#wealthmanagement",2020-10-16,68186
"#wealthmanagement",2020-11-06,68702
"#wealthmanager",2020-10-16,190
"#wealthmanager",2020-11-06,194
"#webdevelopment",2020-10-16,666976
"#webdevelopment",2020-11-06,667486
"#webops",2020-10-16,9
"#webops",2020-11-06,9
"#webscraping",2020-10-16,535
"#webscraping",2020-11-06,547
"#wellness",2020-10-16,122367
"#wellness",2020-11-06,122958
"#womeninstem",2020-10-16,14849
"#womeninstem",2020-11-06,15099
"#womenintech",2020-10-16,64960
"#womenintech",2020-11-06,66312
"#xgboost",2020-10-16,127
"#xgboost",2020-11-06,130
