Tag,Date,Posts
#pluralsightlive,2020-11-25,1067
#pslive19,2020-11-25,945
#artificialintelligence,2020-11-25,1164691
#rstudioconf,2020-11-25,198
#aiinclusive,2020-11-25,103
#rstatses,2020-11-25,161
#rstats,2020-11-25,8742
#wsds2019,2020-11-25,43
#rladies,2020-11-25,1820
#psconnect,2020-11-25,227
#techskillsday,2020-11-25,66
#engineering,2020-11-25,8877560 
#analytics,2020-11-25,616511 
#techcompany,2020-11-25,64822 
#websummit,2020-11-25,104217 
#javascript,2020-11-25,1822098 
#pythoncode,2020-11-25,122138 
#python,2020-11-25,3261123 
#networking,2020-11-25,9460636 
#techevents,2020-11-25,12707 
#bigdataanalysis,2020-11-25,6479 
#softwareengineers,2020-11-25,25809 
#bigdatatechnologies,2020-11-25,7460 
#softwareengineer,2020-11-25,681638 
#bigdataanalytics,2020-11-25,33581 
#software,2020-11-25,2943198 
#bigdata,2020-11-25,772666 
#machinelearningtraining,2020-11-25,2862 
#machinelearningnews,2020-11-25,1726 
#machinelearningmaster,2020-11-25,2410 
#startup,2020-11-25,19228750 
#entrepreneurs,2020-11-25,10158805 
#startuplife,2020-11-25,5379679 
#startups,2020-11-25,4371448 
#machinelearningtools,2020-11-25,7064 
#machinelearningalgorithms,2020-11-25,23719 
#coderslife,2020-11-25,62909 
#coder,2020-11-25,1336844 
#softwaredevelopment,2020-11-25,341747 
#softwaredeveloper,2020-11-25,861811 
#dev_girls,2020-11-25,20043 
#deeplearningmachine,2020-11-25,8299 
#datasci,2020-11-25,346 
#data,2020-11-25,1593916 
#techie,2020-11-25,1604170 
#technologynews,2020-11-25,388692 
#tecnology,2020-11-25,390820 
#techtrends,2020-11-25,151739 
#instatech,2020-11-25,1663122 
#technews,2020-11-25,1060598 
#technologies,2020-11-25,444883 
#tech,2020-11-25,12852282 
#innovation,2020-11-25,8355543 
#technology,2020-11-25,16502321 
#deeplearning,2020-11-25,311076 
#pythonprogramming,2020-11-25,286673 
#softwaredevelopers,2020-11-25,46696 
#neuralnetworks,2020-11-25,83471 
#machinelearning,2020-11-25,857966 
#computerengineering,2020-11-25,231506 
#dataanalytics,2020-11-25,212104 
#artificialintelligenceai,2020-11-25,27642 
#userexperiencedesign,2020-11-25,142357 
#datascientist,2020-11-25,138129 
#artificialinteligence,2020-11-25,11542 
#python3,2020-11-25,82401 
#codeismylife,2020-11-25,85466 
#computervision,2020-11-25,65449 
#memecoding,2020-11-25,14547 
#codingmemes,2020-11-25,133887 
#artificial_intelligence,2020-11-25,15414 
#artificialintelligence,2020-11-25,1164895 
#datascience,2020-11-25,682903 
#artificialintelligence,2020-11-25,1164898 
#pythonprogramming,2020-11-25,286674 
#deeplearning,2020-11-25,311076 
#dataanalytics,2020-11-25,212104 
#datascientist,2020-11-25,138129 
#machinelearning,2020-11-25,857967 
#machinelearning,2020-11-25,857967 
#wwcodedatascience,2020-11-25,47 
#womenwhocode,2020-11-25,193511 
#datascience,2020-11-25,682904 
#programmer,2020-11-25,2195351
#code,2020-11-25,7724510
#coding,2020-11-25,3221651
#computerscience,2020-11-25,1350217
#datasciencememes,2020-11-25,2026
#rladies,2020-11-25,1820
#rstats,2020-11-25,8740
#rstudioconf,2020-11-25,198
#programming,2020-11-25,3711910
#opensource,2020-11-25,261676
#rstudioconf,2020-11-25,198
#rstudioconf2020,2020-11-25,32
#machinelearning,2020-11-25,857510
#wwcodedatascience,2020-11-25,47
#womenwhocode,2020-11-25,193447
