"rank","Name","Country","Population","Prev","Growth"
"1","Tokyo","Japan","37393128","37435192","-0.0011"
"2","Delhi","India","30290936","29399140","0.0303"
"3","Shanghai","China","27058480","26317104","0.0282"
"4","Sao Paulo","Brazil","22043028","21846508","0.0090"
"5","Mexico City","Mexico","21782378","21671908","0.0051"
"6","Dhaka","Bangladesh","21005860","20283552","0.0356"
"7","Cairo","Egypt","20900604","20484964","0.0203"
"8","Beijing","China","20462610","20035456","0.0213"
"9","Mumbai","India","20411274","20185064","0.0112"
"10","Osaka","Japan","19165340","19222664","-0.0030"
"11","Karachi","Pakistan","16093786","15741406","0.0224"
"12","Chongqing","China","15872179","15354067","0.0337"
"13","Istanbul","Turkey","15190336","14967667","0.0149"
"14","Buenos Aires","Argentina","15153729","15057273","0.0064"
"15","Kolkata","India","14850066","14755186","0.0064"
"16","Lagos","Nigeria","14368332","13903620","0.0334"
"17","Kinshasa","DR Congo","14342439","13743278","0.0436"
"18","Manila","Philippines","13923452","13698889","0.0164"
"19","Tianjin","China","13589078","13396402","0.0144"
"20","Rio de Janeiro","Brazil","13458075","13374275","0.0063"
"21","Guangzhou","China","13301532","12967862","0.0257"
"22","Lahore","Pakistan","12642423","12188196","0.0373"
"23","Moscow","Russia","12537954","12476171","0.0050"
"24","Shenzhen","China","12356820","12128721","0.0188"
"25","Bangalore","India","12326532","11882666","0.0374"
"26","Paris","France","11017230","10958187","0.0054"
"27","Bogota","Colombia","10978360","10779376","0.0185"
"28","Chennai","India","10971108","10711243","0.0243"
"29","Jakarta","Indonesia","10770487","10638689","0.0124"
"30","Lima","Peru","10719188","10554712","0.0156"
"31","Bangkok","Thailand","10539415","10350204","0.0183"
"32","Hyderabad","India","10004144","9741397","0.0270"
"33","Seoul","South Korea","9963452","9962393","0.0001"
"34","Nagoya","Japan","9552132","9532059","0.0021"
"35","London","United Kingdom","9304016","9176530","0.0139"
"36","Chengdu","China","9135768","8971839","0.0183"
"37","Tehran","Iran","9134708","9013663","0.0134"
"38","Nanjing","China","8847372","8545577","0.0353"
"39","Ho Chi Minh City","Vietnam","8602317","8371428","0.0276"
"40","Wuhan","China","8364977","8266273","0.0119"
"41","Luanda","Angola","8329798","8044735","0.0354"
"42","New York City City","United States","8323340","8361040","-0.0045"
"43","Ahmedabad","India","8059441","7868633","0.0242"
"44","Xi-an Shaanxi","China","8000965","7722254","0.0361"
"45","Kuala Lumpur","Malaysia","7996830","7780301","0.0278"
"46","Hangzhou","China","7642147","7437993","0.0274"
"47","Hong Kong","Hong Kong","7547652","7490776","0.0076"
"48","Dongguan","China","7407852","7378500","0.0040"
"49","Foshan","China","7326852","7257143","0.0096"
"50","Riyadh","Saudi Arabia","7231447","7070665","0.0227"
"51","Shenyang","China","7220104","7069012","0.0214"
"52","Surat","India","7184590","6873756","0.0452"
"53","Baghdad","Iraq","7144260","6974439","0.0243"
"54","Suzhou","China","7069992","6703499","0.0547"
"55","Santiago","Chile","6767223","6723516","0.0065"
"56","Dar es Salaam","Tanzania","6701650","6368272","0.0523"
"57","Pune","India","6629347","6451618","0.0275"
"58","Madrid","Spain","6617513","6559041","0.0089"
"59","Haerbin","China","6387195","6249824","0.0220"
"60","Toronto","Canada","6196731","6139404","0.0093"
"61","Belo Horizonte","Brazil","6084430","6028319","0.0093"
"62","Singapore","Singapore","5935053","5868104","0.0114"
"63","Khartoum","Sudan","5828858","5677921","0.0266"
"64","Johannesburg","South Africa","5782747","5635127","0.0262"
"65","Qingdao","China","5619977","5499117","0.0220"
"66","Dalian","China","5617849","5458521","0.0292"
"67","Barcelona","Spain","5585556","5541127","0.0080"
"68","Fukuoka","Japan","5528632","5540084","-0.0021"
"69","Saint Petersburg","Russia","5467808","5426959","0.0075"
"70","Ji-nan Shandong","China","5360185","5205402","0.0297"
"71","Yangon","Myanmar","5331800","5243989","0.0167"
"72","Zhengzhou","China","5322696","5131377","0.0373"
"73","Alexandria","Egypt","5280664","5182450","0.0190"
"74","Abidjan","Ivory Coast","5202762","5058550","0.0285"
"75","Guadalajara","Mexico","5179479","5100527","0.0155"
"76","Ankara","Turkey","5117603","5017996","0.0198"
"77","Chittagong","Bangladesh","5019824","4914633","0.0214"
"78","Melbourne","Australia","4967733","4870388","0.0200"
"79","Sydney","Australia","4925987","4859432","0.0137"
"80","Monterrey","Mexico","4874095","4792864","0.0169"
"81","Addis Ababa","Ethiopia","4793699","4591983","0.0439"
"82","Nairobi","Kenya","4734881","4556381","0.0392"
"83","Hanoi","Vietnam","4678198","4479629","0.0443"
"84","Brasilia","Brazil","4645843","4558991","0.0191"
"85","Cape Town","South Africa","4617560","4524111","0.0207"
"86","Jiddah","Saudi Arabia","4610176","4522216","0.0195"
"87","Changsha","China","4577723","4460622","0.0263"
"88","Kunming","China","4443186","4335924","0.0247"
"89","Changchun","China","4425761","4332263","0.0216"
"90","Xinbei","Taiwan","4398383","4361480","0.0085"
"91","Urumqi","China","4368865","4189926","0.0427"
"92","Shantou","China","4327316","4249233","0.0184"
"93","Rome","Italy","4257056","4234019","0.0054"
"94","Hefei","China","4241514","4110366","0.0319"
"95","Kabul","Afghanistan","4221532","4114029","0.0261"
"96","Montreal","Canada","4220566","4195523","0.0060"
"97","Tel Aviv","Israel","4181479","4096962","0.0206"
"98","Porto Alegre","Brazil","4137417","4115354","0.0054"
"99","Recife","Brazil","4127091","4077746","0.0121"
"100","Ningbo","China","4116209","3965588","0.0380"
"101","Shijiazhuang","China","4114393","4031021","0.0207"
"102","Fortaleza","Brazil","4073465","4025753","0.0119"
"103","Los Angeles","United States","4015940","4003200","0.0032"
"104","Medellin","Colombia","4000263","3966906","0.0084"
"105","Kano","Nigeria","3999050","3905598","0.0239"
"106","Yaounde","Cameroon","3992411","3822425","0.0445"
"107","Jaipur","India","3909333","3812262","0.0255"
"108","Ekurhuleni","South Africa","3894262","3817938","0.0200"
"109","Taiyuan Shanxi","China","3891127","3807407","0.0220"
"110","Nanning","China","3859608","3743602","0.0310"
"111","Salvador","Brazil","3839076","3796634","0.0112"
"112","Casablanca","Morocco","3752357","3716093","0.0098"
"113","Xiamen","China","3720141","3651537","0.0188"
"114","Fuzhou Fujian","China","3685701","3608056","0.0215"
"115","Curitiba","Brazil","3678732","3629408","0.0136"
"116","Lucknow","India","3676515","3589795","0.0242"
"117","Douala","Cameroon","3663227","3536119","0.0359"
"118","Changzhou","China","3625328","3498645","0.0362"
"119","Wenzhou","China","3623646","3521172","0.0291"
"120","Nanchang","China","3598421","3485364","0.0324"
"121","Berlin","Germany","3562038","3556792","0.0015"
"122","Kozhikode","India","3555411","3364657","0.0567"
"123","Ibadan","Nigeria","3551961","3463855","0.0254"
"124","Busan","South Korea","3465190","3465633","-0.0001"
"125","Faisalabad","Pakistan","3462295","3385342","0.0227"
"126","Tangshan Hebei","China","3425638","3285328","0.0427"
"127","Bekasi","Indonesia","3394273","3276733","0.0359"
"128","Malappuram","India","3391277","3169457","0.0700"
"129","Antananarivo","Madagascar","3368585","3210386","0.0493"
"130","Kumasi","Ghana","3348062","3205586","0.0444"
"131","Asuncion","Paraguay","3336562","3279160","0.0175"
"132","Santo Domingo","Dominican Republic","3317784","3245021","0.0224"
"133","Guiyang","China","3317110","3226249","0.0282"
"134","Campinas","Brazil","3300794","3255911","0.0138"
"135","Kampala","Uganda","3298364","3137690","0.0512"
"136","Abuja","Nigeria","3277740","3095118","0.0590"
"137","Wuxi","China","3256020","3198981","0.0178"
"138","Mashhad","Iran","3208336","3152482","0.0177"
"139","Puebla","Mexico","3194848","3145456","0.0157"
"140","Durban","South Africa","3158313","3144573","0.0044"
"141","Athens","Greece","3153355","3154152","-0.0003"
"142","Dakar","Senegal","3140442","3057065","0.0273"
"143","Milan","Italy","3140181","3136077","0.0013"
"144","Kanpur","India","3123990","3100285","0.0076"
"145","Kuwait City","Kuwait","3114553","3052493","0.0203"
"146","Pyongyang","North Korea","3084244","3060864","0.0076"
"147","Kochi","India","3082055","2969638","0.0379"
"148","Lanzhou","China","3080522","3007613","0.0242"
"149","Thrissur","India","3068164","2920761","0.0505"
"150","Port Harcourt","Nigeria","3020232","2873322","0.0511"
"151","Indore","India","3016713","2919295","0.0334"
"152","Guayaquil","Ecuador","2994218","2946158","0.0163"
"153","Izmir","Turkey","2992953","2963754","0.0099"
"154","Kiev","Ukraine","2988176","2973335","0.0050"
"155","Sanaa","Yemen","2972988","2874373","0.0343"
"156","Lisbon","Portugal","2956879","2942097","0.0050"
"157","Surabaya","Indonesia","2944403","2921630","0.0078"
"158","Caracas","Venezuela","2938992","2935501","0.0012"
"159","Guatemala City","Guatemala","2934841","2891230","0.0151"
"160","Shizuoka","Japan","2922320","2911784","0.0036"
"161","Zhongshan","China","2913974","2890965","0.0080"
"162","Nagpur","India","2893455","2849572","0.0154"
"163","Dubai","United Arab Emirates","2878344","2833079","0.0160"
"164","Incheon","South Korea","2801039","2782612","0.0066"
"165","Coimbatore","India","2786600","2713233","0.0270"
"166","Cali","Colombia","2781980","2754078","0.0101"
"167","Ouagadougou","Burkina Faso","2780331","2652720","0.0481"
"168","Lusaka","Zambia","2774133","2646619","0.0482"
"169","Port-au-Prince","Haiti","2773553","2704187","0.0257"
"170","Algiers","Algeria","2767661","2729325","0.0140"
"171","Manchester","United Kingdom","2730076","2710074","0.0074"
"172","Depok","Indonesia","2727209","2615154","0.0428"
"173","Handan","China","2726835","2627364","0.0379"
"174","Taibei","Taiwan","2721485","2713112","0.0031"
"175","Chicago","United States","2694240","2700120","-0.0022"
"176","Goiania","Brazil","2690011","2628413","0.0234"
"177","Sapporo","Japan","2669680","2667852","0.0007"
"178","Huaian","China","2655320","2537652","0.0464"
"179","Weifang","China","2653989","2560068","0.0367"
"180","Zibo","China","2639735","2596275","0.0167"
"181","Bamako","Mali","2617686","2529328","0.0349"
"182","Birmingham","United Kingdom","2607437","2588566","0.0073"
"183","Thiruvananthapuram","India","2584752","2476928","0.0435"
"184","Vancouver","Canada","2581079","2555884","0.0099"
"185","Bandung","Indonesia","2580191","2557561","0.0088"
"186","Pretoria","South Africa","2565660","2472612","0.0376"
"187","Shaoxing","China","2540018","2444934","0.0389"
"188","Yantai","China","2526702","2442581","0.0344"
"189","Mbuji-Mayi","DR Congo","2525263","2412532","0.0467"
"190","Huizhou","China","2524543","2441944","0.0338"
"191","Tashkent","Uzbekistan","2517381","2490334","0.0109"
"192","Accra","Ghana","2514005","2475208","0.0157"
"193","Lubumbashi","DR Congo","2478262","2377495","0.0424"
"194","Toluca de Lerdo","Mexico","2467241","2410875","0.0234"
"195","San Juan","Puerto Rico","2448417","2451375","-0.0012"
"196","Patna","India","2436447","2393476","0.0180"
"197","Beirut","Lebanon","2424425","2406875","0.0073"
"198","Brisbane","Australia","2406182","2372335","0.0143"
"199","Damascus","Syria","2392045","2353637","0.0163"
"200","Bhopal","India","2389547","2333106","0.0242"
"201","Brazzaville","Republic of the Congo","2388090","2308076","0.0347"
"202","Luoyang","China","2387094","2311242","0.0328"
"203","Tunis","Tunisia","2365201","2327822","0.0161"
"204","Baku","Azerbaijan","2341443","2313138","0.0122"
"205","Houston","United States","2340890","2333200","0.0033"
"206","Tangerang","Indonesia","2338547","2279906","0.0257"
"207","Medan","Indonesia","2337958","2310522","0.0119"
"208","Belem","Brazil","2334462","2307615","0.0116"
"209","Sendai","Japan","2327417","2317722","0.0042"
"210","Mogadishu","Somalia","2282009","2179855","0.0469"
"211","Nantong","China","2275777","2199133","0.0349"
"212","Barranquilla","Colombia","2272914","2245912","0.0120"
"213","Manaus","Brazil","2260788","2216713","0.0199"
"214","Maracaibo","Venezuela","2257999","2218693","0.0177"
"215","Taoyuan","Taiwan","2245162","2217749","0.0124"
"216","Rawalpindi","Pakistan","2236905","2195560","0.0188"
"217","Gujranwala","Pakistan","2229220","2168960","0.0278"
"218","Agra","India","2210246","2159903","0.0233"
"219","Peshawar","Pakistan","2202946","2133382","0.0326"
"220","Daegu","South Korea","2198962","2209367","-0.0047"
"221","Baotou","China","2190495","2142760","0.0223"
"222","Vadodara","India","2189973","2149130","0.0190"
"223","Naples","Italy","2186853","2191906","-0.0023"
"224","Visakhapatnam","India","2174968","2124948","0.0235"
"225","Kannur","India","2166906","2107309","0.0283"
"226","Liuzhou","China","2165257","2103506","0.0294"
"227","Hohhot","China","2163394","2085969","0.0371"
"228","Amman","Jordan","2148293","2108509","0.0189"
"229","Xuzhou","China","2145970","2099308","0.0222"
"230","Havana","Cuba","2140423","2138419","0.0009"
"231","Tijuana","Mexico","2140398","2099293","0.0196"
"232","Esfahan","Iran","2132037","2086356","0.0219"
"233","Hiroshima","Japan","2083223","2089157","-0.0028"
"234","Brussels","Belgium","2080788","2065284","0.0075"
"235","Phnom Penh","Cambodia","2077757","2014015","0.0316"
"236","Grande Vitoria","Brazil","2075857","2039962","0.0176"
"237","Nashik","India","2065728","2008598","0.0284"
"238","Mecca","Saudi Arabia","2042106","2004888","0.0186"
"239","Perth","Australia","2041959","2016415","0.0127"
"240","Vijayawada","India","2039845","1975188","0.0327"
"241","Minsk","Belarus","2028104","2016677","0.0057"
"242","Multan","Pakistan","2015091","1972432","0.0216"
"243","Yangzhou","China","1992773","1946377","0.0238"
"244","Bursa","Turkey","1986268","1951161","0.0180"
"245","Baoding","China","1975790","1932104","0.0226"
"246","Conakry","Guinea","1938272","1889233","0.0260"
"247","Linyi Shandong","China","1936908","1889824","0.0249"
"248","Taizhou Zhejiang","China","1934847","1876402","0.0311"
"249","Vienna","Austria","1929944","1915338","0.0076"
"250","Aleppo","Syria","1916781","1834093","0.0451"
"251","Valencia","Venezuela","1910188","1885255","0.0132"
"252","Putian","China","1907350","1809304","0.0542"
"253","Almaty","Kazakhstan","1895742","1862809","0.0177"
"254","Baixada Santista","Brazil","1892314","1872844","0.0104"
"255","West Yorkshire","United Kingdom","1889095","1876395","0.0068"
"256","Haikou","China","1889071","1846864","0.0229"
"257","Rabat","Morocco","1884802","1864851","0.0107"
"258","Rajkot","India","1878032","1822437","0.0305"
"259","Quito","Ecuador","1873763","1847748","0.0141"
"260","Wuhu Anhui","China","1870281","1777511","0.0522"
"261","Semarang","Indonesia","1866492","1832670","0.0185"
"262","Yancheng Jiangsu","China","1864424","1821247","0.0237"
"263","Panama City","Panama","1860291","1821693","0.0212"
"264","Daqing","China","1859001","1810606","0.0267"
"265","La Paz","Bolivia","1857797","1835355","0.0122"
"266","Ludhiana","India","1856849","1830424","0.0144"
"267","Kollam","India","1851558","1760698","0.0516"
"268","Hyderabad","Pakistan","1849829","1814914","0.0192"
"269","Lome","Togo","1827878","1785310","0.0238"
"270","Davao City","Philippines","1825450","1784942","0.0227"
"271","Leon de los Aldamas","Mexico","1825080","1801979","0.0128"
"272","Lianyungang","China","1820127","1761551","0.0333"
"273","Bucharest","Romania","1803247","1812290","-0.0050"
"274","Turin","Italy","1792163","1789115","0.0017"
"275","Hamburg","Germany","1789954","1791120","-0.0007"
"276","Warsaw","Poland","1783251","1775933","0.0041"
"277","Adana","Turkey","1770850","1749869","0.0120"
"278","Budapest","Hungary","1768073","1763913","0.0024"
"279","Zhuhai","China","1759378","1715058","0.0258"
"280","Montevideo","Uruguay","1752388","1744700","0.0044"
"281","Datong","China","1745333","1701797","0.0256"
"282","Madurai","India","1734173","1704385","0.0175"
"283","Benin City","Nigeria","1727169","1676132","0.0304"
"284","Palembang","Indonesia","1722700","1693463","0.0173"
"285","Lyon","France","1719268","1704738","0.0085"
"286","Santa Cruz","Bolivia","1712688","1676912","0.0213"
"287","Matola","Mozambique","1705886","1668740","0.0223"
"288","Gaziantep","Turkey","1704118","1667798","0.0218"
"289","Phoenix","United States","1703080","1681680","0.0127"
"290","Meerut","India","1696440","1665859","0.0184"
"291","Quanzhou","China","1694076","1631153","0.0386"
"292","Jiangmen","China","1687310","1663153","0.0145"
"293","Sharjah","United Arab Emirates","1684649","1628932","0.0342"
"294","Glasgow","United Kingdom","1673332","1666632","0.0040"
"295","Varanasi","India","1664942","1639138","0.0157"
"296","Novosibirsk","Russia","1663748","1650185","0.0082"
"297","Xiangyang","China","1657726","1631785","0.0159"
"298","Shiraz","Iran","1651362","1627939","0.0144"
"299","Raipur","India","1642169","1581479","0.0384"
"300","Stockholm","Sweden","1632798","1608037","0.0154"
"301","Mosul","Iraq","1629932","1577979","0.0329"
"302","Anshan","China","1629166","1613590","0.0097"
"303","Can Tho","Vietnam","1617602","1530519","0.0569"
"304","La Laguna","Mexico","1614854","1553033","0.0398"
"305","Tabriz","Iran","1611133","1596171","0.0094"
"306","Cixi","China","1609221","1544524","0.0419"
"307","Marseille","France","1608236","1603434","0.0030"
"308","Auckland","New Zealand","1606564","1582028","0.0155"
"309","Jilin","China","1603332","1585383","0.0113"
"310","Jamshedpur","India","1599434","1570577","0.0184"
"311","Philadelphia","United States","1591800","1587970","0.0024"
"312","Srinagar","India","1585774","1549803","0.0232"
"313","Ulaanbaatar","Mongolia","1584358","1552654","0.0204"
"314","Makassar","Indonesia","1583553","1556025","0.0177"
"315","Karaj","Iran","1580413","1581403","-0.0006"
"316","Yinchuan","China","1579049","1530944","0.0314"
"317","San Antonio","United States","1578030","1555130","0.0147"
"318","Cordoba","Argentina","1571944","1559840","0.0078"
"319","Daejon","South Korea","1565656","1561931","0.0024"
"320","Qiqihaer","China","1559581","1536903","0.0148"
"321","Aurangabad","India","1558412","1517148","0.0272"
"322","Muscat","Oman","1549729","1501635","0.0320"
"323","Yichang","China","1548423","1490109","0.0391"
"324","Calgary","Canada","1547484","1512539","0.0231"
"325","Batam","Indonesia","1546064","1473274","0.0494"
"326","Xining","China","1539437","1495340","0.0295"
"327","Munich","Germany","1538302","1521417","0.0111"
"328","Gaoxiong","Taiwan","1537640","1534349","0.0021"
"329","Qinhuangdao","China","1535223","1483631","0.0348"
"330","Rosario","Argentina","1532128","1510253","0.0145"
"331","Harare","Zimbabwe","1529920","1521311","0.0057"
"332","Hengyang","China","1527107","1479887","0.0319"
"333","Gwangju","South Korea","1521506","1519448","0.0014"
"334","Ciudad Juarez","Mexico","1519214","1499224","0.0133"
"335","Monrovia","Liberia","1517235","1467026","0.0342"
"336","Yekaterinburg","Russia","1503812","1493370","0.0070"
"337","Tiruppur","India","1496389","1432643","0.0445"
"338","Jining Shandong","China","1494249","1471411","0.0155"
"339","Medina","Saudi Arabia","1488782","1459468","0.0201"
"340","Grande Sao Luis","Brazil","1485763","1472956","0.0087"
"341","Abu Dhabi","United Arab Emirates","1482816","1452057","0.0212"
"342","Jodhpur","India","1471900","1434312","0.0262"
"343","Edmonton","Canada","1461182","1429743","0.0220"
"344","Anyang","China","1460114","1393965","0.0475"
"345","Kananga","DR Congo","1458400","1395418","0.0451"
"346","Natal","Brazil","1456844","1426562","0.0212"
"347","Jabalpur","India","1449787","1429683","0.0141"
"348","San Diego","United States","1447100","1436540","0.0074"
"349","Tegucigalpa","Honduras","1444085","1403162","0.0292"
"350","Suqian","China","1440060","1357818","0.0606"
"351","Ranchi","India","1439195","1404095","0.0250"
"352","Huainan","China","1437838","1414863","0.0162"
"353","Mandalay","Myanmar","1437554","1405821","0.0226"
"354","Zhangjiakou","China","1434649","1400504","0.0244"
"355","Asansol","India","1431260","1410410","0.0148"
"356","Kharkiv","Ukraine","1429004","1432345","-0.0023"
"357","Chaozhou","China","1428383","1408284","0.0143"
"358","Kathmandu","Nepal","1423515","1376108","0.0345"
"359","N-Djamena","Chad","1422547","1371524","0.0372"
"360","Onitsha","Nigeria","1414790","1348529","0.0491"
"361","San Jose","Costa Rica","1399629","1378546","0.0153"
"362","Chon Buri","Thailand","1398645","1379856","0.0136"
"363","Belgrade","Serbia","1397939","1393717","0.0030"
"364","Zurich","Switzerland","1395356","1383092","0.0089"
"365","Allahabad","India","1393723","1373594","0.0147"
"366","Ottawa","Canada","1393086","1378151","0.0108"
"367","Kota","India","1386877","1342600","0.0330"
"368","Dallas","United States","1382270","1363660","0.0136"
"369","Gwalior","India","1378375","1347582","0.0229"
"370","Joao Pessoa","Brazil","1378249","1362689","0.0114"
"371","Amritsar","India","1377371","1355875","0.0159"
"372","Basra","Iraq","1352210","1324763","0.0207"
"373","Taizhou Jiangsu","China","1348056","1314590","0.0255"
"374","Copenhagen","Denmark","1346485","1333888","0.0094"
"375","Queretaro","Mexico","1339103","1313522","0.0195"
"376","Taian Shandong","China","1338828","1314249","0.0187"
"377","Adelaide","Australia","1336403","1328119","0.0062"
"378","Homs","Syria","1335804","1314355","0.0163"
"379","Yiwu","China","1334356","1280711","0.0419"
"380","Bucaramanga","Colombia","1331453","1313376","0.0138"
"381","Dhanbad","India","1331186","1316066","0.0115"
"382","Konya","Turkey","1328136","1299368","0.0221"
"383","Maceio","Brazil","1323039","1308693","0.0110"
"384","Taizhong","Taiwan","1320591","1302252","0.0141"
"385","Nouakchott","Mauritania","1314636","1258973","0.0442"
"386","Porto","Portugal","1312947","1309805","0.0024"
"387","Suweon","South Korea","1311321","1288887","0.0174"
"388","Samut Prakan","Thailand","1306937","1289380","0.0136"
"389","Prague","Czech Republic","1305737","1298804","0.0053"
"390","Helsinki","Finland","1304851","1292232","0.0098"
"391","Weihai","China","1304315","1260012","0.0352"
"392","Cochabamba","Bolivia","1303907","1270649","0.0262"
"393","Joinville","Brazil","1303141","1286622","0.0128"
"394","Hai Phong","Vietnam","1300088","1259429","0.0323"
"395","Mombasa","Kenya","1295975","1253811","0.0336"
"396","Niamey","Niger","1291848","1251511","0.0322"
"397","Qom","Iran","1287937","1264584","0.0185"
"398","Zhanjiang","China","1286854","1258677","0.0224"
"399","Fushun Liaoning","China","1285387","1285571","-0.0001"
"400","Ganzhou","China","1285039","1221386","0.0521"
"401","Sofia","Bulgaria","1280968","1276937","0.0032"
"402","Zunyi","China","1280960","1248480","0.0260"
"403","Dongying","China","1276028","1240313","0.0288"
"404","Mianyang Sichuan","China","1275851","1251619","0.0194"
"405","Kaifeng","China","1274287","1230265","0.0358"
"406","Kazan","Russia","1272063","1263412","0.0068"
"407","Rizhao","China","1270948","1228374","0.0347"
"408","Kisangani","DR Congo","1261310","1213000","0.0398"
"409","Jiaxing","China","1259844","1199747","0.0501"
"410","Nizhniy Novgorod","Russia","1257754","1260885","-0.0025"
"411","Nanchong","China","1257726","1215280","0.0349"
"412","Bareilly","India","1255287","1225034","0.0247"
"413","Antalya","Turkey","1253872","1219140","0.0285"
"414","Port Elizabeth","South Africa","1253742","1241941","0.0095"
"415","Ad-Dammam","Saudi Arabia","1252523","1225235","0.0223"
"416","Ahvaz","Iran","1244250","1227916","0.0133"
"417","Shiyan","China","1241450","1201843","0.0330"
"418","Florianopolis","Brazil","1239331","1218478","0.0171"
"419","Dublin","Ireland","1228179","1214666","0.0111"
"420","Chelyabinsk","Russia","1227795","1222108","0.0047"
"421","Fes","Morocco","1224080","1203655","0.0170"
"422","San Luis Potosi","Mexico","1216564","1197894","0.0156"
"423","Barquisimeto","Venezuela","1214362","1201421","0.0108"
"424","Pointe-Noire","Republic of the Congo","1214281","1175513","0.0330"
"425","Yingkou","China","1214047","1175701","0.0326"
"426","Aligarh","India","1210554","1176576","0.0289"
"427","Mysore","India","1209836","1185469","0.0206"
"428","Durg-Bhilainagar","India","1207637","1191681","0.0134"
"429","Pekan Baru","Indonesia","1204883","1171388","0.0286"
"430","Maoming","China","1204716","1170342","0.0294"
"431","Maracay","Venezuela","1203227","1190295","0.0109"
"432","Freetown","Sierra Leone","1201900","1168424","0.0287"
"433","Tanger","Morocco","1197923","1156739","0.0356"
"434","Moradabad","India","1197000","1161757","0.0303"
"435","Liuan","China","1195907","1129312","0.0590"
"436","Tengzhou","China","1189963","1142079","0.0419"
"437","Zhuzhou","China","1186912","1165486","0.0184"
"438","Omsk","Russia","1182339","1183262","-0.0008"
"439","Zhenjiang Jiangsu","China","1173816","1148451","0.0221"
"440","Mendoza","Argentina","1172619","1153152","0.0169"
"441","Suzhou","China","1169932","1119054","0.0455"
"442","Liuyang","China","1169044","1094294","0.0683"
"443","Ruian","China","1168983","1128967","0.0354"
"444","Chiang Mai","Thailand","1166978","1151301","0.0136"
"445","Astana","Kazakhstan","1165983","1117621","0.0433"
"446","Tripoli","Libya","1165085","1160918","0.0036"
"447","Chifeng","China","1164793","1134936","0.0263"
"448","Tiruchirappalli","India","1164668","1148865","0.0138"
"449","Baoji","China","1164665","1131222","0.0296"
"450","Samara","Russia","1163296","1166932","-0.0031"
"451","Bhubaneswar","India","1162886","1131484","0.0278"
"452","Merida","Mexico","1161475","1141555","0.0174"
"453","Puning","China","1160045","1127512","0.0289"
"454","Pingdingshan Henan","China","1159981","1126438","0.0298"
"455","Bogor","Indonesia","1159719","1136981","0.0200"
"456","Benxi","China","1157413","1139256","0.0159"
"457","Amsterdam","Netherlands","1148972","1140339","0.0076"
"458","Chandigarh","India","1148472","1128743","0.0175"
"459","Haifa","Israel","1147431","1140844","0.0058"
"460","Jieyang","China","1146758","1097660","0.0447"
"461","Jinzhou","China","1145359","1122681","0.0202"
"462","Xiangtan Hunan","China","1142976","1115751","0.0244"
"463","Nanyang Henan","China","1142799","1115205","0.0247"
"464","Huaibei","China","1141734","1108939","0.0296"
"465","Krasnoyarsk","Russia","1137494","1124674","0.0114"
"466","Ufa","Russia","1136291","1132656","0.0032"
"467","Rostov-on-Don","Russia","1136201","1135196","0.0009"
"468","Uyo","Nigeria","1135775","1072932","0.0586"
"469","Guilin","China","1134393","1114826","0.0176"
"470","Kigali","Rwanda","1132101","1094796","0.0341"
"471","Islamabad","Pakistan","1129198","1095064","0.0312"
"472","Da Nang","Vietnam","1125316","1094576","0.0281"
"473","Jinhua","China","1122440","1073355","0.0457"
"474","Lilongwe","Malawi","1121720","1074695","0.0438"
"475","Mexicali","Mexico","1120872","1101419","0.0177"
"476","Mwanza","Tanzania","1120430","1060743","0.0563"
"477","Cologne","Germany","1118789","1107731","0.0100"
"478","Guwahati","India","1116740","1099613","0.0156"
"479","Hubli-Dharwad","India","1116728","1097545","0.0175"
"480","Kaduna","Nigeria","1113210","1096706","0.0150"
"481","Maputo","Mozambique","1110477","1104314","0.0056"
"482","Aguascalientes","Mexico","1106453","1088041","0.0169"
"483","San Salvador","El Salvador","1105766","1105662","0.0001"
"484","Salem","India","1102463","1081911","0.0190"
"485","Quetta","Pakistan","1099546","1070245","0.0274"
"486","Bandar Lampung","Indonesia","1091512","1068768","0.0213"
"487","Zaozhuang","China","1087745","1074933","0.0119"
"488","Yerevan","Armenia","1086275","1083323","0.0027"
"489","Binzhou","China","1083867","1042112","0.0401"
"490","Yongin","South Korea","1083345","1061544","0.0205"
"491","Aba","Nigeria","1081466","1051017","0.0290"
"492","Xinxiang","China","1081031","1062361","0.0176"
"493","Bukavu","DR Congo","1078002","1024513","0.0522"
"494","Tbilisi","Georgia","1077833","1077346","0.0005"
"495","Liupanshui","China","1077317","1021347","0.0548"
"496","Cuernavaca","Mexico","1075022","1059092","0.0150"
"497","Perm","Russia","1071419","1066952","0.0042"
"498","Goyang","South Korea","1069196","1054325","0.0141"
"499","Voronezh","Russia","1067719","1062031","0.0054"
"500","Managua","Nicaragua","1063698","1055472","0.0078"
"501","Pizhou","China","1063231","1010736","0.0519"
"502","Lille","France","1063085","1058458","0.0044"
"503","Cartagena","Colombia","1062622","1054694","0.0075"
"504","Yueqing","China","1060702","1021693","0.0382"
"505","Shimkent","Kazakhstan","1057936","1020604","0.0366"
"506","Tasikmalaya","Indonesia","1056485","999508","0.0570"
"507","Abomey-Calavi","Benin","1056440","991000","0.0660"
"508","Changwon","South Korea","1055974","1057734","-0.0017"
"509","Chihuahua","Mexico","1054766","1033378","0.0207"
"510","Saharanpur","India","1054102","1012993","0.0406"
"511","Jalandhar","India","1053670","1033756","0.0193"
"512","Panjin","China","1053125","1030951","0.0215"
"513","Nnewi","Nigeria","1050860","989343","0.0622"
"514","Antwerp","Belgium","1042471","1037310","0.0050"
"515","Oslo","Norway","1041377","1026758","0.0142"
"516","Luohe","China","1039941","982185","0.0588"
"517","Diyarbakir","Turkey","1039492","1018977","0.0201"
"518","Bishkek","Kyrgyzstan","1038429","1017166","0.0209"
"519","Jingzhou Hubei","China","1038296","1022741","0.0152"
"520","Wenling","China","1037164","1004015","0.0330"
"521","Fuyang","China","1036162","1006913","0.0290"
"522","San Jose","United States","1033670","1031900","0.0017"
"523","Solapur","India","1031037","1021948","0.0089"
"524","Shangrao","China","1028518","1001805","0.0267"
"525","Kermanshah","Iran","1025740","1004561","0.0211"
"526","Toulouse","France","1024166","1010593","0.0134"
"527","Johor Bahru","Malaysia","1023900","1003485","0.0203"
"528","Zhaoqing","China","1023777","996546","0.0273"
"529","Teresina","Brazil","1021229","1011029","0.0101"
"530","Siliguri","India","1020303","983606","0.0373"
"531","Ma'anshan","China","1019389","986525","0.0333"
"532","Mersin","Turkey","1016019","997131","0.0189"
"533","Bien Hoa","Vietnam","1013064","980581","0.0331"
"534","Bujumbura","Burundi","1012996","954424","0.0614"
"535","Kirkuk","Iraq","1012614","996040","0.0166"
"536","Samarinda","Indonesia","1010413","979359","0.0317"
"537","Rotterdam","Netherlands","1010026","1008667","0.0013"
"538","Yueyang","China","1009534","999033","0.0105"
"539","Aracaju","Brazil","1009380","991254","0.0183"
"540","Odesa","Ukraine","1009289","1010293","-0.0010"
"541","Volgograd","Russia","1004688","1009238","-0.0045"
"542","Marrakech","Morocco","1002709","988968","0.0139"
"543","Tampico","Mexico","1001278","986228","0.0153"
"544","Bazhong","China","991820","924575","0.0727"
"545","Fuzhou Jiangxi","China","989880","950130","0.0418"
"546","Hargeysa","Somalia","988716","945908","0.0453"
"547","Huzhou","China","988351","960993","0.0285"
"548","Austin","United States","988218","976236","0.0123"
"549","Leshan","China","986923","951055","0.0377"
"550","Denpasar","Indonesia","986853","965359","0.0223"
"551","Dezhou","China","986192","952704","0.0352"
"552","San Miguel de Tucuman","Argentina","985656","971050","0.0150"
"553","Saltillo","Mexico","983784","966802","0.0176"
"554","Valparaiso","Chile","983751","975179","0.0088"
"556","Aden","Yemen","980455","950374","0.0317"
"555","Padang","Indonesia","980455","964358","0.0167"
"557","Cebu City","Philippines","980070","967436","0.0131"
"558","Acapulco de Juarez","Mexico","979381","966958","0.0128"
"559","Kayseri","Turkey","973506","960262","0.0138"
"560","Bobo-Dioulasso","Burkina Faso","972124","924370","0.0517"
"561","Xiongan","China","969535","892142","0.0867"
"562","Bordeaux","France","968993","957383","0.0121"
"563","Xuchang","China","968135","934073","0.0365"
"564","Songkhla","Thailand","966597","953612","0.0136"
"565","Asmara","Eritrea","962985","928758","0.0369"
"566","Nonthaburi","Thailand","962694","949762","0.0136"
"567","Chenzhou","China","959881","914372","0.0498"
"568","Warangal","India","959658","936510","0.0247"
"569","Dnipro","Ukraine","957345","963113","-0.0060"
"570","Krasnodar","Russia","957214","938135","0.0203"
"571","Khulna","Bangladesh","953745","962845","-0.0095"
"572","Ilorin","Nigeria","949866","928632","0.0229"
"573","Jixi Heilongjiang","China","949646","936975","0.0135"
"574","Morelia","Mexico","948793","936074","0.0136"
"575","Sekondi Takoradi","Ghana","945519","900040","0.0505"
"576","Cancun","Mexico","943922","915058","0.0315"
"577","Seongnam","South Korea","943768","945746","-0.0021"
"578","Qujing","China","942342","907828","0.0380"
"579","Nice","France","942208","941800","0.0004"
"580","Changshu","China","938683","894600","0.0493"
"581","Ikorodu","Nigeria","937615","887220","0.0568"
"582","Xintai","China","936382","905520","0.0341"
"583","Cucuta","Colombia","933380","923047","0.0112"
"584","Blantyre-Limbe","Malawi","932263","904758","0.0304"
"585","Fort Worth","United States","932116","913562","0.0203"
"586","Jerusalem","Israel","931756","919407","0.0134"
"587","Pingxiang Jiangxi","China","928895","904694","0.0268"
"588","Southampton","United Kingdom","927916","919843","0.0088"
"589","Jacksonville","United States","926371","915130","0.0123"
"590","Mudanjiang","China","925522","910032","0.0170"
"591","Agadir","Morocco","923552","905649","0.0198"
"592","Arequipa","Peru","922999","911311","0.0128"
"593","Nyala","Sudan","922532","878037","0.0507"
"594","Columbus","United States","922223","907378","0.0164"
"595","Hamah","Syria","921502","906705","0.0163"
"596","Tshikapa","DR Congo","919192","869060","0.0577"
"597","Dehradun","India","918946","894925","0.0268"
"598","Veracruz","Mexico","918529","907066","0.0126"
"599","Yichun Jiangxi","China","918051","859349","0.0683"
"600","Ciudad Guayana","Venezuela","917700","900874","0.0187"
"601","Zamboanga City","Philippines","917477","905281","0.0135"
"602","Dushanbe","Tajikistan","915712","893826","0.0245"
"603","Pathum Thani","Thailand","913741","901466","0.0136"
"604","Jiujiang","China","913212","889447","0.0267"
"605","Ulsan","South Korea","910330","910162","0.0002"
"606","Laiwu","China","907839","880451","0.0311"
"607","Rajshahi","Bangladesh","907732","893214","0.0163"
"608","Donetsk","Ukraine","905530","911981","-0.0071"
"609","Charlotte","United States","905318","888908","0.0185"
"610","San Pedro Sula","Honduras","902751","876445","0.0300"
"611","Bengbu","China","901773","889163","0.0142"
"612","Liverpool","United Kingdom","901708","897218","0.0050"
"613","Oran","Algeria","899182","889644","0.0107"
"614","Reynosa","Mexico","899084","880902","0.0206"
"615","Villahermosa","Mexico","898461","883336","0.0171"
"616","West Rand","South Africa","897609","886343","0.0127"
"617","Campo Grande","Brazil","896864","886361","0.0118"
"618","San Francisco","United States","896047","889676","0.0072"
"619","Jos","Nigeria","895288","875746","0.0223"
"620","Bergamo","Italy","892089","883295","0.0100"
"621","Zhucheng","China","891494","855579","0.0420"
"622","Guigang","China","891173","864577","0.0308"
"623","Guiping","China","891158","843956","0.0559"
"624","Yangjiang","China","890013","867562","0.0259"
"625","Bangui","Central African Republic","889231","869599","0.0226"
"626","Malang","Indonesia","886620","878589","0.0091"
"627","Londrina","Brazil","885516","871682","0.0159"
"628","La Plata","Argentina","884054","873918","0.0116"
"629","Misratah","Libya","881319","841267","0.0476"
"630","Antipolo","Philippines","881018","859070","0.0255"
"631","Concepcion","Chile","880722","869186","0.0133"
"632","Chengde","China","880494","839566","0.0487"
"633","Dandong","China","877258","865354","0.0138"
"634","Indianapolis","United States","875929","871527","0.0051"
"635","Najaf","Iraq","873744","846750","0.0319"
"636","Owerri","Nigeria","872604","838554","0.0406"
"637","Zhangzhou","China","871690","841966","0.0353"
"638","Tianmen","China","869837","840064","0.0354"
"639","Hermosillo","Mexico","867885","851738","0.0190"
"640","Trujillo","Peru","864633","851312","0.0156"
"641","Bhiwandi","India","859435","845711","0.0162"
"642","Linfen","China","858103","824417","0.0409"
"643","Xinyu","China","857567","823491","0.0414"
"644","Deyang","China","857306","828305","0.0350"
"645","Hengshui","China","856705","820969","0.0435"
"646","Warri","Nigeria","855941","814063","0.0514"
"647","Liaoyang","China","855663","841780","0.0165"
"648","Guntur","India","854488","833782","0.0248"
"649","Soshanguve","South Africa","853347","840932","0.0148"
"650","Sylhet","Bangladesh","851808","813538","0.0470"
"651","Palermo","Italy","851146","852454","-0.0015"
"652","Leiyang","China","851071","804564","0.0578"
"653","Tainan","Taiwan","849996","843219","0.0080"
"654","Nampula","Mozambique","848096","810633","0.0462"
"655","Tuxtla Gutierrez","Mexico","847924","830603","0.0209"
"656","Erbil","Iraq","846374","833237","0.0158"
"657","Changzhi","China","846365","824378","0.0267"
"658","Ashgabat","Turkmenistan","846255","828065","0.0220"
"659","Taiz","Yemen","845154","815303","0.0366"
"660","Bahawalpur","Pakistan","844673","820047","0.0300"
"661","Jiangyin","China","843292","810972","0.0399"
"662","Tyumen","Russia","843196","817265","0.0317"
"663","Saratov","Russia","842680","844777","-0.0025"
"664","Fuxin","China","839189","828643","0.0127"
"665","Culiacan","Mexico","839054","821781","0.0210"
"666","Hufuf-Mubarraz","Saudi Arabia","836727","825074","0.0141"
"667","Puducherry","India","836003","815939","0.0246"
"668","Libreville","Gabon","834204","823870","0.0125"
"669","Valencia","Spain","833724","831815","0.0023"
"670","Bucheon","South Korea","832093","835259","-0.0038"
"671","Xingtai","China","831175","812888","0.0225"
"672","Changde","China","830010","806331","0.0294"
"673","Huangshi","China","828324","812772","0.0191"
"674","Lubango","Angola","828248","786713","0.0528"
"675","Shangqiu","China","826598","802826","0.0296"
"676","Quebec City","Canada","826109","820752","0.0065"
"677","Banghazi","Libya","823974","811293","0.0156"
"678","Luzhou","China","822996","813315","0.0119"
"679","Baishan","China","821967","783588","0.0490"
"680","Firozabad","India","821043","796264","0.0311"
"681","Winnipeg","Canada","816593","808419","0.0101"
"682","Yibin","China","814166","797639","0.0207"
"683","Ipoh","Malaysia","813553","799785","0.0172"
"684","Liling","China","812975","767636","0.0591"
"685","Thessaloniki","Greece","812166","811435","0.0009"
"686","Newcastle upon Tyne","United Kingdom","809481","805364","0.0051"
"687","Bologna","Italy","805986","802849","0.0039"
"688","Niigata","Japan","804298","806723","-0.0030"
"689","Xinyang","China","797369","777817","0.0251"
"690","Heze","China","795246","786745","0.0108"
"691","Yangquan","China","794262","774880","0.0250"
"692","Barcelona-Puerto La Cruz","Venezuela","793641","782636","0.0141"
"693","Orumiyeh","Iran","793044","777790","0.0196"
"694","Xinghua","China","791297","766483","0.0324"
"695","Nottingham","United Kingdom","787610","781151","0.0083"
"696","Maiduguri","Nigeria","786485","772394","0.0182"
"697","Sorocaba","Brazil","785997","776054","0.0128"
"698","Eskisehir","Turkey","783669","765242","0.0241"
"699","Haicheng","China","783484","772266","0.0145"
"700","Xiaogan","China","783483","760482","0.0302"
"701","Seattle","United States","783137","764046","0.0250"
"702","Yongzhou","China","781940","753931","0.0372"
"703","Cabinda","Angola","777697","736984","0.0552"
"704","Zhuji","China","777536","758115","0.0256"
"705","Frankfurt","Germany","777156","768616","0.0111"
"706","Xalapa","Mexico","775620","764044","0.0152"
"707","Huludao","China","775322","760634","0.0193"
"708","Bogra","Bangladesh","775034","729609","0.0623"
"709","Vereeniging","South Africa","774031","769425","0.0060"
"710","Nakhon Ratchasima","Thailand","774022","764883","0.0119"
"711","Umuahia","Nigeria","773822","731563","0.0578"
"712","Enugu","Nigeria","772872","752323","0.0273"
"713","Bikaner","India","771878","757726","0.0187"
"714","Krakow","Poland","768731","768031","0.0009"
"715","Jiaozuo","China","766770","758858","0.0104"
"716","Hamilton","Canada","766688","762808","0.0051"
"717","Tianshui","China","765372","739871","0.0345"
"718","Cherthala","India","764135","726232","0.0522"
"719","Kuerle","China","761329","719603","0.0580"
"720","Shaoguan","China","761249","756232","0.0066"
"721","Liaocheng","China","760885","743338","0.0236"
"722","Ansan","South Korea","760764","758858","0.0025"
"723","Gorakhpur","India","758214","751024","0.0096"
"724","Quzhou","China","757655","716061","0.0581"
"725","Cagayan de Oro City","Philippines","753138","736874","0.0221"
"726","Amravati","India","752189","740529","0.0157"
"727","Huaihua","China","751803","718467","0.0464"
"728","Nellore","India","751034","729107","0.0301"
"729","Taixing","China","747588","725320","0.0307"
"730","Dasmarinas","Philippines","747208","728707","0.0254"
"731","Gebze","Turkey","744674","718680","0.0362"
"732","Kumamoto","Japan","742612","743559","-0.0013"
"733","Bozhou","China","742150","710320","0.0448"
"734","Cuttack","India","742011","733202","0.0120"
"735","Langfang","China","739632","715581","0.0336"
"736","Sulaimaniya","Iraq","739182","720411","0.0261"
"737","Ar-Rayyan","Qatar","737903","715997","0.0306"
"738","Kunshan","China","737654","705508","0.0456"
"739","Zigong","China","737291","728743","0.0117"
"740","Bur Sa'id","Egypt","737000","723998","0.0180"
"741","Zaporizhzhya","Ukraine","736167","740538","-0.0059"
"742","Qingyuan","China","734856","725803","0.0125"
"743","Denver","United States","734134","725313","0.0122"
"744","Jincheng","China","733879","703498","0.0432"
"745","Banjarmasin","Indonesia","732005","720307","0.0162"
"746","Zaragoza","Spain","730828","727371","0.0048"
"747","Sheffield","United Kingdom","730158","725062","0.0070"
"748","Zarqa","Jordan","729220","719720","0.0132"
"749","Anqing","China","726950","709177","0.0251"
"750","Zaria","Nigeria","726172","719012","0.0100"
"751","Belgaum","India","724747","712055","0.0178"
"752","Okayama","Japan","724696","724948","-0.0003"
"753","Lviv","Ukraine","723758","725202","-0.0020"
"754","Meishan","China","723267","697042","0.0376"
"755","Sao Jose dos Campos","Brazil","721795","711673","0.0142"
"756","Washington","United States","720687","711571","0.0128"
"757","Danyang","China","718649","693349","0.0365"
"758","Cheongju","South Korea","717027","713273","0.0053"
"759","Muzaffarnagar","India","716748","690953","0.0373"
"760","Gaomi","China","716261","686786","0.0429"
"761","Zhumadian","China","716002","683882","0.0470"
"762","Jiamusi","China","715965","705995","0.0141"
"763","Malegaon","India","715605","700095","0.0222"
"764","Hanchuan","China","715218","686163","0.0423"
"765","Benguela","Angola","715130","686121","0.0423"
"766","Xianyang Shaanxi","China","715007","707306","0.0109"
"767","Ribeirao Preto","Brazil","714111","703710","0.0148"
"768","Oshogbo","Nigeria","713677","698844","0.0212"
"769","Gaza","Palestine","713621","693323","0.0293"
"770","Shaoyang","China","713559","697769","0.0226"
"771","Mangalore","India","713357","703413","0.0141"
"772","Rasht","Iran","712715","703698","0.0128"
"773","Boston","United States","710195","702389","0.0111"
"774","Linhai","China","708981","685239","0.0346"
"775","Buffalo City","South Africa","708559","700466","0.0116"
"776","Florence","Italy","708357","707728","0.0009"
"777","Panzhihua","China","707134","698149","0.0129"
"778","Erduosi-Ordoss","China","706657","682677","0.0351"
"779","Sialkot","Pakistan","705121","690447","0.0213"
"780","Zanzibar","Tanzania","705078","676814","0.0418"
"781","Oaxaca de Juarez","Mexico","704559","694297","0.0148"
"782","Seville","Spain","703790","705325","-0.0022"
"783","Tongliao","China","702280","683849","0.0270"
"784","Jammu","India","702085","696856","0.0075"
"785","Bhavnagar","India","700367","689884","0.0152"
"786","Tolyatti","Russia","700252","704137","-0.0055"
"787","Sargodha","Pakistan","700095","688086","0.0175"
"788","Suining Sichuan","China","699679","682654","0.0249"
"789","Gold Coast","Australia","699226","687460","0.0171"
"790","The Hague","Netherlands","697564","691389","0.0089"
"791","Tongling","China","696639","677201","0.0287"
"792","Wuzhou","China","696630","677691","0.0279"
"793","Kottayam","India","696061","652053","0.0675"
"794","Yulin Shaanxi","China","695614","685262","0.0151"
"795","Yanji","China","695165","673380","0.0324"
"796","Kayamkulam","India","694892","662470","0.0489"
"797","Maturin","Venezuela","694716","670377","0.0363"
"798","Lokoja","Nigeria","692050","643407","0.0756"
"799","Longyan","China","691987","680986","0.0162"
"800","Cotonou","Benin","691949","687732","0.0061"
"801","Nanded Waghala","India","689771","674189","0.0231"
"802","Taif","Saudi Arabia","688693","682959","0.0084"
"803","Uberlandia","Brazil","686896","677984","0.0131"
"804","Bacoor","Philippines","686398","668419","0.0269"
"805","Bristol","United Kingdom","686210","678612","0.0112"
"806","Kitwe","Zambia","685908","663455","0.0338"
"807","El Paso","United States","685575","684122","0.0021"
"808","Zagreb","Croatia","684878","685233","-0.0005"
"809","Salta","Argentina","684751","672335","0.0185"
"810","Padova","Italy","683604","679147","0.0066"
"811","Vientiane","Laos","682542","673061","0.0141"
"812","Dazhou","China","682342","658956","0.0355"
"813","Anqiu","China","682299","642202","0.0624"
"814","Bali","Indonesia","682065","668550","0.0202"
"815","Celaya","Mexico","680971","672501","0.0126"
"816","Cheonan","South Korea","679802","670256","0.0142"
"817","Genoa","Italy","679613","682507","-0.0042"
"818","Tirupati","India","679456","653940","0.0390"
"819","Bunia","DR Congo","679418","636625","0.0672"
"820","Yuyao","China","678841","662003","0.0254"
"821","Yan'an","China","678619","646393","0.0499"
"822","Jundiai","Brazil","678521","668381","0.0152"
"823","Nantes","France","677766","669843","0.0118"
"824","Liege","Belgium","677589","675403","0.0032"
"825","Dongtai","China","676996","655472","0.0328"
"826","Lodz","Poland","676830","682458","-0.0082"
"827","Durgapur","India","675384","664915","0.0157"
"828","Yuncheng","China","675082","646283","0.0446"
"829","Dengzhou","China","673626","642552","0.0484"
"830","Nashville","United States","673167","671110","0.0031"
"831","Gulbarga","India","673027","658535","0.0220"
"832","Huambo","Angola","671413","656977","0.0220"
"833","Al-Hudaydah","Yemen","668899","649129","0.0305"
"834","Buraydah","Saudi Arabia","668775","652396","0.0251"
"835","Ezhou","China","668405","661038","0.0111"
"836","Pontianak","Indonesia","667910","655595","0.0188"
"837","Detroit","United States","667272","669967","-0.0040"
"838","Merca","Somalia","666370","637357","0.0455"
"839","Mar Del Plata","Argentina","665707","659410","0.0095"
"840","Akure","Nigeria","665524","641733","0.0371"
"841","Kurnool","India","665186","644449","0.0322"
"842","Malanje","Angola","665150","626862","0.0611"
"843","Santiago","Dominican Republic","664575","657179","0.0113"
"844","Portland","United States","664103","658609","0.0083"
"845","Jeonju","South Korea","663145","662870","0.0004"
"846","Yuxi","China","662863","631110","0.0503"
"847","Las Vegas","United States","662000","653322","0.0133"
"848","Tabuk","Saudi Arabia","657277","647410","0.0152"
"849","Zhangjiagang","China","656036","627897","0.0448"
"850","Lattakia","Syria","655714","645186","0.0163"
"851","Amara","Iraq","655663","631442","0.0384"
"852","Oklahoma City","United States","655407","652214","0.0049"
"853","Taicang","China","654441","628692","0.0410"
"854","Busto Arsizio","Italy","654258","650530","0.0057"
"855","General Santos City","Philippines","652723","640361","0.0193"
"856","Macao","Macau","651875","642090","0.0152"
"857","Izhevsk","Russia","651338","651079","0.0004"
"858","Zhoukou","China","650060","628346","0.0346"
"859","Ibb","Yemen","648889","607531","0.0681"
"860","Zhoushan","China","647419","635411","0.0189"
"861","Memphis","United States","647374","648996","-0.0025"
"862","Neijiang","China","645874","638674","0.0113"
"863","Denizli","Turkey","644782","628432","0.0260"
"864","Jamnagar","India","644738","639662","0.0079"
"865","Qinzhou","China","644359","626663","0.0282"
"866","Jhansi","India","642709","632166","0.0167"
"867","Samsun","Turkey","642592","623644","0.0304"
"868","Chongjin","North Korea","642447","639743","0.0042"
"869","Tamale","Ghana","641911","611806","0.0492"
"870","Wroclaw","Poland","641401","640585","0.0013"
"871","Doha","Qatar","641380","637347","0.0063"
"872","Sokoto","Nigeria","641249","621694","0.0315"
"873","Renqiu","China","640271","615759","0.0398"
"874","Barnaul","Russia","639783","639126","0.0010"
"875","Loudi","China","639167","614015","0.0410"
"876","Hegang","China","638855","633811","0.0080"
"877","Irkutsk","Russia","638843","635870","0.0047"
"878","As-Suways","Egypt","638229","627455","0.0172"
"879","Bulawayo","Zimbabwe","638188","638467","-0.0004"
"880","Bijie","China","637795","612321","0.0416"
"881","Be'er Sheva","Israel","637539","631052","0.0103"
"882","Chiclayo","Peru","637255","629260","0.0127"
"883","Venezia","Italy","637245","636244","0.0016"
"884","Ankang","China","636293","605136","0.0515"
"885","Erode","India","634977","622398","0.0202"
"886","Manama","Bahrain","634508","600433","0.0568"
"887","Goma","DR Congo","634197","599208","0.0584"
"888","Bokaro Steel City","India","633551","625824","0.0123"
"889","Pachuca de Soto","Mexico","633453","620630","0.0207"
"890","Khabarovsk","Russia","633151","629682","0.0055"
"891","Stuttgart","Germany","632692","631453","0.0020"
"892","Puyang","China","632347","610020","0.0366"
"893","Duesseldorf","Germany","631942","628459","0.0055"
"894","Longhai","China","631203","606799","0.0402"
"895","Durango","Mexico","630982","619119","0.0192"
"896","Riga","Latvia","630692","633820","-0.0049"
"897","Belfast","United Kingdom","630632","626760","0.0062"
"898","Wuhai","China","630295","615806","0.0235"
"899","Safaqis","Tunisia","630175","624146","0.0097"
"900","Verona","Italy","629658","625890","0.0060"
"901","Tongxiang","China","629527","602260","0.0453"
"902","Jambi","Indonesia","626192","615859","0.0168"
"903","Haimen","China","626067","606263","0.0327"
"904","Hezhou","China","625304","595675","0.0497"
"905","Sanya","China","625290","605586","0.0325"
"906","Ulyanovsk","Russia","624896","625837","-0.0015"
"907","Louisville","United States","624890","622504","0.0038"
"908","Raurkela","India","622636","614790","0.0128"
"909","Bari","Italy","622377","622287","0.0001"
"910","Seregno","Italy","619871","614571","0.0086"
"911","Kolhapur","India","619358","612880","0.0106"
"912","Kryvyi Rih","Ukraine","618706","623894","-0.0083"
"913","Nasiriyah","Iraq","616994","600113","0.0281"
"914","Yulin Guangxi","China","613668","605882","0.0129"
"915","Ajmer","India","613617","606616","0.0115"
"916","Bacolod","Philippines","613437","602459","0.0182"
"917","Geneva","Switzerland","613373","606436","0.0114"
"918","Colombo","Sri Lanka","612535","606158","0.0105"
"919","Yaroslavl","Russia","612365","612247","0.0002"
"920","Kuching","Malaysia","611566","602427","0.0152"
"921","Al-Ain","United Arab Emirates","610887","598368","0.0209"
"922","Gothenburg","Sweden","610521","603065","0.0124"
"923","Zahedan","Iran","609873","603634","0.0103"
"924","Vladivostok","Russia","609754","609930","-0.0003"
"925","San Jose del Monte","Philippines","607692","600251","0.0124"
"926","Ujjain","India","607055","596869","0.0171"
"927","Brighton","United Kingdom","606909","601574","0.0089"
"928","Bandar Abbas","Iran","606633","585287","0.0365"
"929","Jubayl","Saudi Arabia","605743","579260","0.0457"
"930","Herat","Afghanistan","605575","575806","0.0517"
"931","Hanzhong","China","605327","592759","0.0212"
"932","Miluo","China","604159","568421","0.0629"
"933","Hillah","Iraq","604149","594261","0.0166"
"934","Feira De Santana","Brazil","602128","593981","0.0137"
"935","Anshun","China","600121","580847","0.0332"
"936","Bilaspur","India","599812","583279","0.0283"
"937","Makhachkala","Russia","599792","598979","0.0014"
"938","Bissau","Guinea-Bissau","599714","578829","0.0361"
"939","Jinzhong","China","599611","581798","0.0306"
"940","Patiala","India","599186","581771","0.0299"
"941","Yichun Heilongjiang","China","598465","605399","-0.0115"
"942","Bauchi","Nigeria","597679","575617","0.0383"
"943","Tlaxcala","Mexico","596362","586129","0.0175"
"944","Tomsk","Russia","595642","590480","0.0087"
"945","Skopje","Macedonia","595275","589751","0.0094"
"946","Siping","China","594482","584669","0.0168"
"947","Nay Pyi Taw","Myanmar","593596","546487","0.0862"
"948","Sihui","China","591080","562577","0.0507"
"949","Leipzig","Germany","591052","585246","0.0099"
"950","Kagoshima","Japan","591042","593758","-0.0046"
"951","Kingston","Jamaica","590940","589849","0.0018"
"952","Sanliurfa","Turkey","590522","584693","0.0100"
"953","Baltimore","United States","590479","596487","-0.0101"
"954","Malaga","Spain","590032","588778","0.0021"
"955","Uvira","DR Congo","589731","557567","0.0577"
"956","Dortmund","Germany","589600","589457","0.0002"
"957","Comilla","Bangladesh","588772","568563","0.0355"
"958","Cuiaba","Brazil","588566","585825","0.0047"
"959","Xiantao","China","588540","583836","0.0081"
"960","Mathura","India","588334","573517","0.0258"
"961","Enshi","China","586667","553318","0.0603"
"962","Ibague","Colombia","586187","581760","0.0076"
"963","Catania","Italy","585877","585825","0.0001"
"964","Milwaukee","United States","585589","588807","-0.0055"
"965","Shishi","China","585317","572218","0.0229"
"966","Fuqing","China","584631","571706","0.0226"
"967","Sangli","India","583629","575879","0.0135"
"968","Essen","Germany","582128","582777","-0.0011"
"969","Pereira","Colombia","579620","579577","0.0001"
"970","Calabar","Nigeria","579273","554887","0.0439"
"971","Toulon","France","579095","577180","0.0033"
"972","Qitaihe","China","578992","570264","0.0153"
"973","Samarkand","Uzbekistan","578762","565832","0.0229"
"974","Daye","China","578374","563779","0.0259"
"975","Samut Sakhon","Thailand","578273","570504","0.0136"
"976","Cabimas","Venezuela","578222","567757","0.0184"
"977","Hamadan","Iran","577808","571287","0.0114"
"978","Jingjiang","China","577513","555332","0.0399"
"979","Sanhe","China","576241","547190","0.0531"
"980","Djibouti","Djibouti","576157","568804","0.0129"
"981","Xinmi","China","575696","549770","0.0472"
"982","Imphal","India","575625","557632","0.0323"
"983","Juiz De Fora","Brazil","575481","569996","0.0096"
"984","Dresden","Germany","575476","569424","0.0106"
"985","Agartala","India","575073","554700","0.0367"
"986","Tonghua","China","572967","562008","0.0195"
"987","Abakaliki","Nigeria","572028","543058","0.0533"
"988","Bouake","Ivory Coast","571876","564745","0.0126"
"989","Udon Thani","Thailand","570115","563600","0.0116"
"990","Beira","Mozambique","569911","556499","0.0241"
"991","Udaipur","India","569224","558710","0.0188"
"992","Vellore","India","569048","559693","0.0167"
"993","Orenburg","Russia","568812","568599","0.0004"
"994","Anyang","South Korea","567945","571888","-0.0069"
"995","Ardabil","Iran","567912","557544","0.0186"
"996","Likasi","DR Congo","567839","551540","0.0296"
"997","Bloemfontein","South Africa","567029","556450","0.0190"
"998","Dongyang","China","566083","553572","0.0226"
"999","Mbeya","Tanzania","566065","540637","0.0470"
"1000","Hebi","China","565986","555886","0.0182"
"1001","Kemerovo","Russia","565759","564347","0.0025"
"1002","Tirunelveli","India","565735","558182","0.0135"
"1003","Cenxi","China","565509","537757","0.0516"
"1004","Yazd","Iran","565449","555793","0.0174"
"1005","Bremen","Germany","565354","564270","0.0019"
"1006","Gaya","India","565253","555350","0.0178"
"1007","Poza Rica de Hidalgo","Mexico","564578","558965","0.0100"
"1008","Jalgaon","India","564540","552922","0.0210"
"1009","Shuozhou","China","563456","542198","0.0392"
"1010","Santa Fe","Argentina","562917","555753","0.0129"
"1011","Matamoros","Mexico","562755","554922","0.0141"
"1012","Kitchener","Canada","562466","553973","0.0153"
"1013","Zaoyang","China","562379","548745","0.0248"
"1014","Sanmenxia","China","561369","543195","0.0335"
"1015","Albuquerque","United States","561188","560703","0.0009"
"1016","Cangzhou","China","560962","553694","0.0131"
"1017","Thoothukkudi","India","560930","543853","0.0314"
"1018","Xinyi","China","559613","541482","0.0335"
"1019","Basel","Switzerland","559027","555469","0.0064"
"1020","Yiyang Hunan","China","558615","540947","0.0327"
"1021","Oujda","Morocco","558524","546962","0.0211"
"1022","Gomel","Belarus","557589","552354","0.0095"
"1023","Irbid","Jordan","556899","553576","0.0060"
"1024","Al-Mansurah","Egypt","555621","546574","0.0166"
"1025","Karbala","Iraq","555073","545987","0.0166"
"1026","Tucson","United States","553871","549923","0.0072"
"1027","Meknes","Morocco","553755","547396","0.0116"
"1028","Weinan","China","553302","542115","0.0206"
"1029","Leicester","United Kingdom","552178","547352","0.0088"
"1030","Jiaozhou","China","551500","534608","0.0316"
"1031","Ogbomosho","Nigeria","551474","527194","0.0461"
"1032","Feicheng","China","551319","542285","0.0167"
"1033","Arak","Iran","551006","542824","0.0151"
"1034","Novokuznetsk","Russia","550575","551987","-0.0026"
"1035","Zhaodong","China","550240","527598","0.0429"
"1036","Chiang Rai","Thailand","549966","542578","0.0136"
"1037","Kota Kinabalu","Malaysia","549586","536285","0.0248"
"1038","Hamhung","North Korea","548992","553224","-0.0076"
"1039","Panipat","India","547952","536422","0.0215"
"1040","Khamis Mushayt","Saudi Arabia","547724","539906","0.0145"
"1041","Kahramanmaras","Turkey","546688","533434","0.0248"
"1042","Tongchuan","China","546649","537167","0.0177"
"1043","Tepic","Mexico","545941","533572","0.0232"
"1044","Utrecht","Netherlands","544389","536473","0.0148"
"1046","Shouguang","China","544207","536303","0.0147"
"1045","Port of Spain","Trinidad and Tobago","544207","544259","-0.0001"
"1047","Villavicencio","Colombia","544115","534290","0.0184"
"1048","Rajahmundry","India","543729","536298","0.0139"
"1049","Ndola","Zambia","542495","531047","0.0216"
"1050","Kerman","Iran","541485","539893","0.0029"
"1051","Dengfeng","China","540789","509717","0.0610"
"1052","Ryazan","Russia","540317","540502","-0.0003"
"1053","Sakarya","Turkey","539445","524986","0.0275"
"1054","Guangyuan","China","539179","520905","0.0351"
"1055","Chaoyang","China","539052","531831","0.0136"
"1056","Vilnius","Lithuania","538894","537563","0.0025"
"1057","Fresno","United States","538195","534144","0.0076"
"1058","Rayong","Thailand","538150","530921","0.0136"
"1059","Gaozhou","China","537329","512852","0.0477"
"1060","Hannover","Germany","536976","536498","0.0009"
"1061","San Juan","Argentina","536913","532634","0.0080"
"1062","Edinburgh","United Kingdom","536775","530741","0.0114"
"1063","Cuito","Angola","535407","501936","0.0667"
"1064","Astrakhan","Russia","534947","535191","-0.0005"
"1065","Naberezhnye Tchelny","Russia","534726","534307","0.0008"
"1066","Sukkur","Pakistan","534486","524179","0.0197"
"1067","Larkana","Pakistan","534288","519899","0.0277"
"1068","Valledupar","Colombia","533453","518190","0.0295"
"1069","Bamenda","Cameroon","533257","513820","0.0378"
"1070","Basilan City","Philippines","533135","517687","0.0298"
"1071","Abeokuta","Nigeria","532856","523653","0.0176"
"1072","Mazar-e Sharif","Afghanistan","532689","501665","0.0618"
"1073","Poznan","Poland","531030","533731","-0.0051"
"1074","Namangan","Uzbekistan","528763","521090","0.0147"
"1075","Imus","Philippines","527779","501303","0.0528"
"1076","Grenoble","France","527720","524853","0.0055"
"1077","Mesa","United States","527666","518312","0.0180"
"1078","Haining","China","527655","512822","0.0289"
"1079","Santa Marta","Colombia","527326","520650","0.0128"
"1080","Surakarta","Indonesia","527279","523581","0.0071"
"1081","Pietermaritzburg","South Africa","526912","521419","0.0105"
"1082","Yongkang","China","526069","508796","0.0339"
"1083","Pingdu","China","525093","514025","0.0215"
"1084","Taishan","China","524937","510086","0.0291"
"1085","Calamba","Philippines","524577","509898","0.0288"
"1086","Mekele","Ethiopia","523914","505485","0.0365"
"1087","Heyuan","China","523818","515422","0.0163"
"1088","Atlanta","United States","523738","510891","0.0251"
"1089","Ar-Rusayfah","Jordan","523543","520419","0.0060"
"1090","Penza","Russia","523092","524131","-0.0020"
"1091","Utsunomiya","Japan","522100","522331","-0.0004"
"1092","Chuzhou","China","522062","507265","0.0292"
"1093","Sacramento","United States","521769","515149","0.0129"
"1094","Vale do Aco","Brazil","521744","517889","0.0074"
"1095","Al-Raqqa","Syria","521537","513163","0.0163"
"1096","Bellary","India","520926","508535","0.0244"
"1097","Longkou","China","520568","505504","0.0298"
"1098","Qingzhou","China","520371","504795","0.0309"
"1099","Kalasin","Thailand","517635","510681","0.0136"
"1100","Al-Mahallah al-Kubra","Egypt","517549","511770","0.0113"
"1101","Sheikhupura","Pakistan","517342","504174","0.0261"
"1102","Cuautla Morelos","Mexico","516755","508021","0.0172"
"1103","Puerto Vallarta","Mexico","515909","501280","0.0292"
"1104","Duisburg","Germany","515076","510611","0.0087"
"1105","Balashikha","Russia","514662","0",""
"1106","Dali","China","514610","0",""
"1107","Shizuishan","China","514455","501894","0.0250"
"1108","Kakinada","India","514227","506331","0.0156"
"1109","Ambon","Indonesia","513457","0",""
"1110","Diwaniyah","Iraq","513369","0",""
"1111","Songyuan","China","513231","507408","0.0115"
"1112","Kirov","Russia","513003","510777","0.0044"
"1113","Nurenberg","Germany","511941","512022","-0.0002"
"1114","Davanagere","India","511843","503318","0.0169"
"1115","Qianjiang","China","511738","503238","0.0169"
"1116","Gongyi","China","511410","0",""
"1117","Van","Turkey","511391","0",""
"1118","Shangyu","China","510813","0",""
"1119","Uige","Angola","510631","0",""
"1120","Porto Velho","Brazil","510419","0",""
"1121","Changning","China","510275","0",""
"1122","Matsuyama","Japan","509958","511745","-0.0035"
"1123","Angeles City","Philippines","509765","0",""
"1124","Rustenburg","South Africa","509368","0",""
"1125","Gombe","Nigeria","508575","0",""
"1126","LondonCA","Canada","508230","505325","0.0057"
"1127","Gaoyou","China","507934","0",""
"1128","Yanshi","China","507643","0",""
"1129","Kikwit","DR Congo","507462","0",""
"1130","Lipetsk","Russia","507291","508968","-0.0033"
"1131","Al-Mukalla","Yemen","506356","0",""
"1132","Cheboksary","Russia","505870","502323","0.0071"
"1133","Bournemouth","United Kingdom","505687","501288","0.0088"
"1134","Kansas City","United States","505198","498558","0.0133"
"1135","Laixi","China","505117","0",""
"1136","Mataram","Indonesia","505024","0",""
"1137","Karaganda","Kazakhstan","504946","505426","-0.0009"
"1138","Muzaffarpur","India","504158","0",""
"1139","El Djelfa","Algeria","503397","0",""
"1140","Nakhon Pathom","Thailand","503271","0",""
"1141","Shuangyashan","China","503179","0",""
"1142","Kuantan","Malaysia","502866","0",""
"1143","Khon-Kaen","Thailand","502594","0",""
"1144","Tanta","Egypt","501423","0",""
"1145","Chuxiong","China","500867","0",""
"1146","Douai-Lens","France","500776","501078","-0.0006"
"1147","Ziyang","China","500094","0",""