Event,Date,Attendees
Women in Data Science (WiDS) Worldwide Conference,2021-01-02,4918
FinTech China Insights,2020-01-02,76 
MIT FinTech Conference 2021,2020-01-02,3645
Women in Data Science (WiDS) Worldwide Conference,2021-01-03,5138
Oil & Gas Data Science Series: Machine Learning Solution Development,2021-01-03,1413
Frictionless Data Science: Making the tools work for you!,2021-01-03,349 
AustCham Webinar: Profit Maximising Data Science AI and Optimisation,2021-01-03,275
Panel 2: Data Science Education Policy Support,2021-01-03,131 
Fullstack Data Science Approach to Predicting Loan Defaults,2021-01-03,9 
Oil & Gas Data Science Series: Machine Learning Solution Development,2021-01-03,1,414 
Introduction to Machine Learning Course - Global AI Hub,2021-01-03,434 
Webinar: Machine Learning Fundamentals for PMs by fmr Expedia Sr PM,2021-01-03,652 
Machine Learning: from Training to Production ,2021-01-03,190 
Machine Learning Canvas: LIVE DEMO,2021-01-03,123 
Machine Learning for Virtual Vehicle Development (CAE & VR),2021-01-03,1,229 
Machine Learning Lifecycle 2021 Conference,2021-01-03,214 
Free Webinar on Introduction to Machine Learning,2021-01-03,6
Data Science & Artificial Intelligence Online Workshop,2021-01-03,15 
FREE Webinar : Text Mining use cases using KNIME!,2021-01-03,363 
Women in Innovation: Leadership Insights + Online Networking,2021-01-03,444
Fintech Retreat 2021,2020-01-02,2456
FinTech 2021,2020-01-02,896
Women in Innovation: Leadership Insights + Online Networking,2020-01-02,422
J’s Code Challenge ~ Reach a fast pass to get hired in Japan,2020-01-02,162 
EXPO DAY: Fintech Europe,2020-01-02,317 
FRV Presents: How to Break Into Venture Capital with Janet Bannister,2020-01-02,88 
Women of FinTech virtual coffee meet up - Networking event,2020-01-02,60
ICBA ThinkTECH Accelerator 2021 Virtual Kickoff,2020-01-02,618
Oil & Gas Data Science Series: Machine Learning Solution Development,2021-01-02,1381 
Introduction to Machine Learning Course - Global AI Hub,2021-01-02,415 
Webinar: Machine Learning Fundamentals for PMs by fmr Expedia Sr PM,2021-01-02,651 
Machine Learning: from Training to Production ,2021-01-02,183 
Machine Learning Canvas: LIVE DEMO,2021-01-02,117 
Machine Learning for Virtual Vehicle Development (CAE & VR),2021-01-02,1183 
Machine Learning Lifecycle 2021 Conference, 2021-01-02,207 
Free Webinar on Introduction to Machine Learning,2021-01-02,5 
How to Run a Successful AI Startup,2021-01-02,283 
Oil & Gas Data Science Series: Machine Learning Solution Development,2021-01-02,1381
Frictionless Data Science: Making the tools work for you!,2021-01-02,333
AustCham Webinar: Profit Maximising Data Science AI and Optimisation,2021-01-02,256
Panel 2: Data Science Education Policy Support,2021-01-02,124
Fullstack Data Science Approach to Predicting Loan Defaults,2021-01-02,9
Data Science & Artificial Intelligence Online Workshop,2021-01-02,15
FREE Webinar : Text Mining use cases using KNIME!,2021-01-02,355
Women in Innovation: Leadership Insights + Online Networking,2021-01-02,429 
The UofT AI Conference,2020-01-02,2749 
Future Compute: A Virtual Conference,2020-01-02,348 
E-Contracts: How Artificial Intelligence Will Change Everything,2021-01-021,852
(FEB 8-12 2021)(LVT)Certified Artificial Intelligence Practitioner (CAIP®),2021-01-02,2994
Artificial Intelligence disruptions in Healthcare services,2021-01-02,10
Artificial Intelligence and the Natural World,2021-01-02,15
How to Run a Successful AI Startup,2021-01-02,283
How to Acquire new Language Students Online,2021-01-02,289
Data Science & Artificial Intelligence Online Workshop,2021-01-02,15

