"Women in Data Science (WiDS) Worldwide Conference","..",2021-03-08,2021-03-09
"Derivatives Forum Frankfurt 2021 â€“ virtual edition","..",2021-03-23,2021-03-24
"Creating organisations fit for humans and fit for the future","..",2021-03-25,2021-03-25
"Leadership & Innovation in Changing Times - Bootcamp","..",2021-04-22,2021-04-22
"Startup Jobs Expo (ONLINE)","..",2021-05-13,2021-05-13
"IPRIA 2021 online conference","..",2021-04-28,2021-04-29
"Industry and Investor INTERACTIVE Expo - Powered by NEW Tech!","..",2021-03-20,2021-03-22
"Webinar: Develop a Product Thinking Mindset by American Express Sr PM","..",2021-04-02,2021-04-02
"Greater Toronto Virtual Job Fair - Tuesday March 9th 2021","..",2021-03-09,2021-03-09
"Scholars Webinar on Drug Discovery Development and Lead Optimization","..",2021-03-24,2021-03-25
"Closing the Equity Gap: It's Really a Network Gap","..",2021-04-15,2021-04-15
"Cosmetics Business Live","..",2021-05-10,2021-05-14
"Data Transfers from the EU: Will Derogations Save the Day?","..",2021-03-09,2021-03-09
"Future Entrepreneurship 2021","..",2021-03-09,2021-03-10
"PDAC 2021 Convention","..",2021-03-08,2021-03-11
"IWEC 2021","..",2021-05-17,2021-05-18
"Technology Conclave","..",2021-03-27,2021-03-28
"Art Gate International 2021","..",2021-04-16,2021-04-19
"Business Strategy Masterclass with Costas Markides at BRAND MINDS","..",2021-03-23,2021-03-23
